longitude,latitude,distance_km,post-Ogallala,Ogallala Group,pre-Ogallala,Hell Creek Formation,Fox Hills Formation,Pierre Shale,Niobrara Formation,Carlile Shale,Greenhorn Limestone,Belle Fourche Shale,Mowry Shale,Skull Creek Shale,Inyan Kara Group,Morrison Formation,Sundance Formation,Spearfish Formation,Minnekahta Formation,Minnelusa Formation,Madison Group,Three Forks Shale,Stony Mountain Formation,Red River Formation,Deadwood Formation,Precambrian basement,Tertiary intrusive
-103.45,43.15,0.0,,,,,,1129.4942626953125,940.596435546875,833.0409545898438,695.3806762695312,674.9964599609375,554.8284301757812,487.59130859375,415.1285400390625,361.8009033203125,233.13015747070312,121.13414001464844,42.48295974731445,2.7133915424346924,-128.568115234375,,,,-209.93482971191406,-253.2031707763672,
-103.44619238476955,43.15,0.30972031155735397,,,,,,1127.9661865234375,940.8998413085938,833.7841186523438,696.5377807617188,676.9639892578125,556.8222045898438,487.299072265625,414.8518371582031,362.6867370605469,233.73550415039062,122.34064483642578,43.147857666015625,2.7088403701782227,-131.86395263671875,,,,-216.52415466308594,-259.85638427734375,
-103.44238476953907,43.15,0.6194406231147079,,,,,,1123.34912109375,938.3259887695312,833.5205688476562,698.6036376953125,680.8688354492188,560.7088623046875,486.5182800292969,414.49432373046875,364.1955261230469,234.0772705078125,124.79479217529297,44.37407302856445,2.4874064922332764,-138.5184783935547,,,,-219.8399658203125,-263.1046142578125,
-103.43857715430862,43.15,0.929160934672062,,,,,,1121.5504150390625,936.382568359375,832.9719848632812,699.4269409179688,682.7159423828125,562.5597534179688,486.07037353515625,413.6592712402344,364.8545837402344,234.43292236328125,126.01326751708984,44.96607208251953,2.311239719390869,-141.87413024902344,,,,-223.173095703125,-266.2996520996094,
-103.43476953907816,43.15,1.2388812462294159,,,,,,1123.165771484375,934.3524780273438,832.3548583984375,700.203857421875,684.4923706054688,564.3724365234375,485.6139831542969,413.2074890136719,365.46697998046875,234.7816925048828,127.23336791992188,45.56852722167969,2.10686993598938,-145.24183654785156,,,,-226.51190185546875,-269.43609619140625,
-103.4309619238477,43.15,1.54860155778677,,,,,,1124.82373046875,932.010986328125,831.526611328125,701.4249877929688,686.2162475585938,566.1134033203125,485.1064453125,412.7013854980469,366.00274658203125,235.15196228027344,128.4554901123047,46.15315628051758,1.8599302768707275,-148.6101837158203,,,,-229.84800720214844,-272.50921630859375,
-103.42715430861723,43.15,1.858321869344124,,,,,,1121.531005859375,926.7071533203125,829.3954467773438,704.5816040039062,689.5582275390625,569.459716796875,483.9318542480469,412.131591796875,366.8253479003906,235.9630584716797,129.6838836669922,47.264617919921875,1.2392431497573853,-155.30743408203125,,,,-236.4606475830078,-278.4179382324219,
-103.42334669338678,43.15,2.168042180901478,,,,,,1123.0894775390625,924.0685424804688,828.34521484375,706.1858520507812,691.156494140625,571.0579223632812,483.3104248046875,410.898193359375,367.15081787109375,236.3893585205078,132.16407775878906,47.819679260253906,0.897146463394165,-158.6380615234375,,,,-239.73805236816406,-281.2448425292969,
-103.41953907815632,43.15,2.4777624924588317,,,,,,1119.58447265625,921.6657104492188,827.4999389648438,707.7879638671875,692.7493286132812,572.64697265625,482.7087707519531,410.270263671875,367.44000244140625,236.80809020996094,133.40142822265625,48.39720153808594,0.5519704222679138,-161.9476776123047,,,,-242.98922729492188,-283.9892883300781,
-103.41573146292585,43.15,2.787482804016186,,,,,,1116.281982421875,919.3839721679688,826.7833862304688,709.4171752929688,694.364501953125,574.2540283203125,482.1142578125,409.62567138671875,367.6616516113281,237.26101684570312,134.64418029785156,48.96830368041992,0.18317048251628876,-165.2301025390625,,,,-246.2046356201172,-286.6488037109375,
-103.41192384769539,43.15,3.09720311557354,,,,,,1116.1029052734375,911.0402221679688,818.8406982421875,703.6412353515625,688.6060180664062,568.5291137695312,475.8504638671875,403.49176025390625,362.6531677246094,232.78704833984375,130.262939453125,44.22175216674805,-5.5171308517456055,-171.89820861816406,,,,-255.2868194580078,-292.7701721191406,
-103.40811623246493,43.15,3.4069234271308937,,,,,,1117.6048583984375,909.5940551757812,820.1757202148438,708.2235717773438,693.20703125,573.14990234375,476.3890686035156,403.7498779296875,363.1361389160156,233.41973876953125,132.9705047607422,45.59614944458008,-6.126937389373779,-178.15139770507812,,,,-258.3096008300781,-295.1271667480469,
-103.40430861723448,43.15,3.716643738688248,,,,,,1117.83935546875,909.3419799804688,821.2279052734375,710.5126342773438,695.498779296875,575.4437255859375,476.6339416503906,404.15740966796875,363.3199462890625,234.07363891601562,134.34539794921875,46.29732131958008,-6.4317827224731445,-181.18563842773438,,,,-261.2637939453125,-297.3783874511719,
-103.400501002004,43.15,4.026364050245602,,,,,,1118.599609375,909.510498046875,822.6161499023438,712.7467041015625,697.736328125,577.6842041015625,476.8546447753906,404.32684326171875,363.48236083984375,234.74859619140625,135.7292022705078,47.01542663574219,-6.7292962074279785,-184.1686553955078,,,,-264.1563415527344,-299.5253601074219,
-103.39669338677355,43.15,4.336084361802956,,,,,,1117.212890625,910.2040405273438,824.4120483398438,714.9130249023438,699.9066162109375,579.8577880859375,477.0448913574219,404.5000305175781,363.6521911621094,236.12815856933594,137.12664794921875,47.767173767089844,-7.004507064819336,-187.09317016601562,,,,-269.7393798828125,-303.55145263671875,
-103.39288577154309,43.15,4.64580467336031,,,,,,1111.0447998046875,912.9223022460938,828.9700927734375,718.896484375,703.912353515625,583.8826904296875,477.2061462402344,404.66693115234375,363.90130615234375,236.87106323242188,139.94757080078125,49.33441925048828,-7.515097618103027,-192.7462615966797,,,,-272.4091491699219,-305.4316101074219,
-103.38907815631262,43.15,4.9555249849176635,,,,,,1103.1212158203125,914.6302490234375,831.4275512695312,720.5127563476562,705.541015625,585.521240234375,476.9996337890625,404.60943603515625,363.76800537109375,237.39976501464844,141.14651489257812,49.95063400268555,-7.749700546264648,-195.44090270996094,,,,-274.9873046875,-307.2036437988281,
-103.38527054108216,43.15,5.265245296475018,,,,,,1094.771484375,916.3450927734375,833.78564453125,721.6937255859375,706.7255859375,586.70947265625,476.4953308105469,404.16278076171875,363.30804443359375,237.5391845703125,141.8467559814453,50.048160552978516,-7.966832160949707,-198.06719970703125,,,,-277.4844970703125,-308.88018798828125,
-103.38146292585171,43.15,5.574965608032372,,,,,,1091.5723876953125,917.7686767578125,835.7293090820312,722.5197143554688,707.5531616210938,587.536865234375,475.7613525390625,403.45953369140625,362.5876770019531,237.3126678466797,142.3419647216797,49.86730194091797,-8.14692211151123,-200.61976623535156,,,,-279.9014587402344,-310.4725341796875,
-103.37765531062125,43.15,5.884685919589725,,,,,,1095.35693359375,918.9356689453125,837.5386352539062,722.8876342773438,707.9403686523438,587.9319458007812,474.25341796875,402.7076721191406,361.0987854003906,236.87445068359375,142.76956176757812,49.5326042175293,-8.480142593383789,-205.4921875,,,,-284.4710388183594,-313.40814208984375,
-103.37384769539078,43.15,6.19440623114708,,,,,,1088.7904052734375,917.8713989257812,836.5431518554688,722.043212890625,707.0986938476562,587.0947265625,473.5972595214844,401.99005126953125,360.43267822265625,236.68386840820312,143.64845275878906,49.37457275390625,-8.637447357177734,-207.7876739501953,,,,-286.6112976074219,-314.7320556640625,
-103.37004008016032,43.15,6.504126542704434,,,,,,1095.7862548828125,910.0009155273438,827.0455322265625,713.5084228515625,698.53125,578.5025634765625,470.37127685546875,398.124755859375,357.21575927734375,232.55648803710938,139.80862426757812,45.288455963134766,-12.72230052947998,-212.34423828125,,,,-290.63739013671875,-316.83453369140625,
-103.36623246492987,43.15,6.813846854261787,,,,,,1102.3187255859375,907.2098388671875,824.0653686523438,711.770751953125,696.7871704101562,576.75927734375,470.1463317871094,397.87811279296875,356.95867919921875,232.52818298339844,140.3637237548828,45.265079498291016,-12.744915008544922,-214.3713836669922,,,,-292.5001525878906,-317.9609680175781,
-103.36242484969941,43.15,7.123567165819142,,,,,,1101.2225341796875,903.9501953125,820.5216064453125,709.6474609375,694.656494140625,574.626220703125,470.0354309082031,397.7303466796875,356.800537109375,232.43936157226562,140.92034912109375,45.23944091796875,-12.769841194152832,-216.33163452148438,,,,-296.0191650390625,-319.9241943359375,
-103.35861723446894,43.15,7.433287477376496,,,,,,1091.3802490234375,897.0499877929688,812.8531494140625,705.158203125,690.1570434570312,570.125244140625,470.22882080078125,397.6949462890625,356.8804626464844,232.3704833984375,141.99111938476562,45.17540740966797,-12.831300735473633,-220.06512451171875,,,,-297.67767333984375,-320.7789001464844,
-103.35480961923848,43.15,7.743007788933849,,,,,,1086.1788330078125,893.7536010742188,809.0870971679688,702.9051513671875,687.9013671875,567.8699340820312,470.4986267089844,398.0621643066406,357.11358642578125,232.3129119873047,142.49295043945312,45.09513854980469,-12.911619186401367,-221.84117126464844,,,,-299.2664794921875,-321.5477600097656,
-103.35100200400802,43.15,8.052728100491205,,,,,,1082.004638671875,890.6383666992188,805.5181884765625,700.7413330078125,685.7366943359375,565.7088012695312,470.8594970703125,398.43914794921875,357.4822692871094,232.2522735595703,142.95372009277344,44.99160385131836,-13.014577865600586,-223.55760192871094,,,,-300.75860595703125,-322.2124938964844,
-103.34719438877755,43.15,8.362448412048558,,,,,,1079.9716796875,887.8174438476562,802.1911010742188,698.6444702148438,683.64013671875,563.6151123046875,471.32025146484375,398.95599365234375,357.9920959472656,232.0330047607422,143.3900604248047,44.86207962036133,-13.142683029174805,-225.21270751953125,,,,-303.5860290527344,-323.23297119140625,
-103.3433867735471,43.15,8.672168723605912,,,,,,1073.4024658203125,882.6837158203125,795.9970092773438,694.424072265625,679.4480590820312,559.8900756835938,472.71856689453125,399.62872314453125,359.513916015625,231.87571716308594,144.15599060058594,44.48622131347656,-13.517973899841309,-228.39849853515625,,,,-304.9102783203125,-323.6020202636719,
-103.33957915831664,43.15,8.981889035163265,,,,,,1070.94287109375,879.8588256835938,792.587158203125,691.736083984375,676.7371826171875,558.3341064453125,473.6624755859375,401.48101806640625,360.507568359375,231.7216339111328,144.48434448242188,44.22124481201172,-13.782498359680176,-229.9226531982422,,,,-306.1705322265625,-323.8784484863281,
-103.33577154308618,43.15,9.29160934672062,,,,,,1070.3121337890625,877.1620483398438,789.2755737304688,689.1182250976562,674.115966796875,556.944091796875,474.76324462890625,402.620849609375,361.6444091796875,231.54737854003906,144.7548065185547,43.910377502441406,-14.093252182006836,-231.37939453125,,,,-307.3490295410156,-324.036376953125,
-103.33196392785571,43.15,9.601329658277974,,,,,,1067.020263671875,873.8365478515625,784.5269775390625,683.6683349609375,668.6502075195312,552.09814453125,475.1791076660156,403.0655517578125,362.10003662109375,229.26434326171875,142.4687042236328,41.21096420288086,-16.79218292236328,-233.5212860107422,,,,-309.0487365722656,-324.3075256347656,
-103.32815631262525,43.15,9.911049969835327,,,,,,1063.9666748046875,869.9420776367188,779.3106689453125,679.6355590820312,664.6341552734375,550.4973754882812,478.1728515625,404.52032470703125,365.11090087890625,229.06959533691406,142.78482055664062,40.569969177246094,-17.433116912841797,-235.98777770996094,,,,-310.8866882324219,-323.9169921875,
-103.3243486973948,43.15,10.220770281392682,,,,,,1066.6295166015625,868.4026489257812,777.1133422851562,677.9182739257812,662.917724609375,549.9259033203125,479.81976318359375,406.07501220703125,366.76025390625,228.91952514648438,143.33851623535156,40.17973327636719,-17.82330894470215,-237.1422119140625,,,,-311.6975402832031,-323.52508544921875,
-103.32054108216433,43.15,10.530490592950036,,,,,,1069.863037109375,867.0982666015625,775.0783081054688,676.3617553710938,661.3612670898438,549.5302734375,481.570068359375,409.46728515625,368.50714111328125,228.75506591796875,143.57908630371094,39.73101043701172,-18.271852493286133,-238.2482147216797,,,,-312.4338684082031,-323.0121765136719,
-103.31673346693387,43.15,10.84021090450739,,,,,,1072.21337890625,865.9971313476562,773.2223510742188,674.9566650390625,659.956298828125,549.2644653320312,483.38494873046875,411.2673034667969,370.3111267089844,228.58270263671875,143.7974395751953,39.23135757446289,-18.771711349487305,-239.3068389892578,,,,-313.0970458984375,-322.37841796875,
-103.31292585170341,43.15,11.149931216064743,,,,,,1075.8731689453125,865.0596923828125,771.5479125976562,673.705078125,658.7047119140625,549.1055908203125,485.24505615234375,413.1000671386719,372.149169921875,228.26092529296875,143.96746826171875,38.689083099365234,-19.314472198486328,-240.31350708007812,,,,-314.0978698730469,-320.69195556640625,
-103.30911823647295,43.15,11.459651527622098,,,,,,1062.848388671875,863.5703125,768.660400390625,671.588623046875,656.587890625,549.0608520507812,489.0494079589844,414.9457702636719,375.8478698730469,228.09829711914062,144.37152099609375,37.517112731933594,-20.48784828186035,-242.0919189453125,,,,-314.4122619628906,-319.6269836425781,
-103.30531062124248,43.15,11.76937183917945,,,,,,1062.4024658203125,862.9217529296875,767.3592529296875,670.6286010742188,655.6423950195312,549.156494140625,490.9480285644531,418.5373229980469,377.60675048828125,227.9840545654297,144.6312713623047,36.93088150024414,-21.074913024902344,-242.83265686035156,,,,-314.5545654296875,-318.42681884765625,
-103.30150300601203,43.15,12.079092150736805,,,,,,1057.605712890625,862.0859985351562,766.0767822265625,669.7189331054688,654.6953735351562,549.2167358398438,492.7375183105469,420.0765380859375,379.16058349609375,227.99322509765625,144.9608154296875,36.40427017211914,-21.60306739807129,-243.43568420410156,,,,-314.4681091308594,-317.0998840332031,
-103.29769539078157,43.15,12.38881246229416,,,,,,1061.8052978515625,860.7086181640625,764.6215209960938,668.5255126953125,653.5316162109375,548.9915771484375,494.1717224121094,421.22711181640625,380.32574462890625,228.1992645263672,145.4082489013672,35.98324966430664,-22.02531623840332,-243.80453491210938,,,,-312.74322509765625,-314.0249938964844,
-103.2938877755511,43.15,12.698532773851515,,,,,,1063.84228515625,854.7604370117188,759.16845703125,663.7208251953125,648.6753540039062,546.2738037109375,494.5960693359375,421.80413818359375,380.67236328125,229.2506561279297,146.0880584716797,35.573638916015625,-22.433467864990234,-243.55264282226562,,,,-310.9530029296875,-312.2608642578125,
-103.29008016032064,43.15,13.008253085408867,,,,,,1060.9932861328125,845.7823486328125,752.0550537109375,655.6856079101562,640.687255859375,538.384033203125,490.9180908203125,418.5210266113281,377.6036682128906,229.87991333007812,147.11097717285156,34.974456787109375,-23.029502868652344,-242.1141815185547,,,,-307.4075012207031,-309.6098937988281,
-103.28627254509018,43.15,13.317973396966222,,,,,,1060.912353515625,840.788330078125,748.2301635742188,652.1332397460938,637.1357421875,535.7131958007812,489.6189270019531,417.3279724121094,376.402099609375,230.79042053222656,148.16473388671875,35.03499984741211,-22.96769142150879,-241.45468139648438,,,,-304.8506164550781,-307.4569396972656,
-103.28246492985973,43.15,13.627693708523575,,,,,,1061.677978515625,835.30322265625,744.2368774414062,648.4036865234375,633.4063720703125,532.7517700195312,487.95440673828125,415.74798583984375,374.81353759765625,231.75350952148438,149.25662231445312,35.10902404785156,-22.893007278442383,-240.691162109375,,,,-302.0522766113281,-305.16583251953125,
-103.27865731462926,43.15,13.93741402008093,,,,,,1060.7374267578125,829.7145385742188,740.1607055664062,644.585205078125,629.5885620117188,529.7669677734375,486.1922302246094,414.0442199707031,373.0963439941406,233.7792205810547,150.3693389892578,35.18232727050781,-22.819177627563477,-239.8437957763672,,,,-295.89013671875,-300.150390625,
-103.2748496993988,43.15,14.247134331638284,,,,,,1058.02978515625,817.798095703125,731.482177734375,636.4127197265625,621.4401245117188,523.4098510742188,482.1895751953125,412.2532958984375,369.4461364746094,234.81752014160156,152.58262634277344,35.280296325683594,-22.72062110900879,-237.93511962890625,,,,-292.5533142089844,-297.3919372558594,
-103.27104208416834,43.15,14.556854643195638,,,,,,1054.7066650390625,811.038818359375,726.1260375976562,631.2632446289062,616.251708984375,519.1458740234375,478.92486572265625,408.5545654296875,367.5821228027344,235.86070251464844,153.6741943359375,35.29808044433594,-22.702791213989258,-236.8819580078125,,,,-289.0893249511719,-294.46942138671875,
-103.26723446893787,43.15,14.866574954752991,,,,,,1050.2735595703125,803.797607421875,720.4065551757812,625.7564086914062,610.6737060546875,513.65087890625,474.08349609375,406.8481750488281,365.7319641113281,236.9082489013672,154.75640869140625,35.29319381713867,-22.707265853881836,-235.7573699951172,,,,-285.4965515136719,-291.3834228515625,
-103.26342685370741,43.15,15.176295266310344,,,,,,1046.212890625,797.0626220703125,714.9589233398438,620.5508422851562,605.410400390625,509.3264465332031,470.5102233886719,406.3664855957031,363.9353942871094,239.05682373046875,155.82493591308594,35.27952575683594,-22.720075607299805,-234.5572967529297,,,,-277.9216613769531,-284.7326354980469,
-103.25961923847696,43.15,15.486015577867699,,,,,,1045.6329345703125,786.1952514648438,707.2610473632812,613.3352661132812,598.2243041992188,503.5971984863281,465.46875,406.600341796875,361.0023193359375,240.51779174804688,158.27154541015625,35.466224670410156,-22.576190948486328,-231.9505615234375,,,,-273.94775390625,-281.1656494140625,
-103.2558116232465,43.15,15.795735889425053,,,,,,1041.8792724609375,782.1640625,704.8427124023438,611.129150390625,596.058837890625,502.1239013671875,464.0516662597656,408.8432922363281,360.41754150390625,242.78115844726562,160.48377990722656,36.44004821777344,-21.612014770507812,-229.31881713867188,,,,-269.8812255859375,-277.46490478515625,
-103.25200400801603,43.15,16.10545620098241,,,,,,1040.7264404296875,778.0477294921875,702.3851928710938,607.8120727539062,592.8203735351562,499.3548278808594,461.365966796875,409.1595458984375,360.5945739746094,246.33441162109375,163.1793975830078,38.72783279418945,-19.301259994506836,-224.0309295654297,,,,-264.1949157714844,-271.86175537109375,
-103.24819639278557,43.15,16.415176512539762,,,,,,1039.940185546875,775.5595703125,701.2211303710938,606.8582153320312,591.8883056640625,499.2474670410156,461.30621337890625,411.60845947265625,360.8919982910156,249.23312377929688,166.22592163085938,41.446144104003906,-16.505966186523438,-219.58041381835938,,,,-259.7607727050781,-267.71942138671875,
-103.24438877755512,43.15,16.724896824097115,,,,,,1042.480224609375,771.1654663085938,699.0910034179688,605.1936645507812,590.1578979492188,498.60247802734375,460.5663146972656,413.2819519042969,359.0845642089844,252.9141845703125,168.0906982421875,44.18153762817383,-10.761849403381348,-210.32342529296875,,,,-250.5546875,-259.0234680175781,
-103.24058116232464,43.15,17.034617135654468,,,,,,1045.2044677734375,769.8641967773438,698.8419799804688,605.1451416015625,590.1305541992188,499.31683349609375,461.3096923828125,414.3221130371094,357.7204895019531,254.1597442626953,170.13577270507812,45.104515075683594,-7.745960235595703,-205.5106964111328,,,,-245.76914978027344,-254.45529174804688,
-103.23677354709419,43.15,17.344337447211824,,,,,,1042.09912109375,769.15625,699.0379028320312,605.5459594726562,590.539794921875,500.3614807128906,462.35736083984375,416.3160095214844,356.4487609863281,255.57386779785156,171.16261291503906,46.124366760253906,-4.639608383178711,-200.5450897216797,,,,-240.8158416748047,-249.7257843017578,
-103.23296593186373,43.15,17.654057758769177,,,,,,1039.5657958984375,768.904541015625,699.5307006835938,606.24853515625,591.2387084960938,501.6294860839844,463.6197814941406,417.5863037109375,355.3785705566406,257.19207763671875,172.40280151367188,47.27664566040039,-1.436453938484192,-195.40650939941406,,,,-235.7061767578125,-244.80325317382812,
-103.22915831663327,43.15,17.96377807032653,,,,,,1035.57861328125,769.09814453125,700.3246459960938,607.2498779296875,592.2373046875,503.201416015625,465.18682861328125,419.15130615234375,354.6177062988281,261.25238037109375,173.89794921875,48.675559997558594,2.0113332271575928,-190.0117950439453,,,,-224.7579345703125,-234.0675811767578,
-103.2253507014028,43.15,18.273498381883886,,,,,,1028.2635498046875,770.9404907226562,702.9049072265625,610.2305297851562,595.2273559570312,507.494384765625,469.4898376464844,421.1548156738281,354.2859802246094,263.8048095703125,177.82919311523438,52.64353561401367,9.897015571594238,-178.45675659179688,,,,-218.90736389160156,-228.3207550048828,
-103.22154308617235,43.15,18.58321869344124,,,,,,1027.8597412109375,772.5418090820312,704.61474609375,612.1369018554688,597.145263671875,509.9759826660156,471.9841003417969,425.9639587402344,354.56988525390625,266.5794372558594,180.16580200195312,54.975013732910156,14.024100303649902,-172.57232666015625,,,,-213.0488739013672,-222.52395629882812,
-103.21773547094189,43.15,18.892939004998592,,,,,,1028.099609375,774.3419189453125,706.3490600585938,614.0694580078125,599.0870971679688,512.5322875976562,474.55340576171875,428.53216552734375,355.1538391113281,269.3163146972656,182.42311096191406,57.30399703979492,17.832178115844727,-167.42445373535156,,,,-207.95883178710938,-217.39654541015625,
-103.21392785571142,43.15,19.20265931655595,1033.3736572265625,,,,,1029.5556640625,776.2095947265625,707.9952392578125,615.9140014648438,600.93798828125,515.0050048828125,477.0369873046875,431.0175476074219,355.9736633300781,274.10528564453125,184.4226837158203,59.40689468383789,20.959957122802734,-163.67567443847656,,,,-201.6553192138672,-324.7032165527344,
-103.21012024048096,43.15,19.5123796281133,1039.945556640625,,,,,1034.560791015625,779.364990234375,710.2596435546875,617.6824951171875,602.7155151367188,517.4224243164062,479.4703369140625,431.6689147949219,356.8973388671875,276.2529602050781,187.45770263671875,62.55973815917969,25.6041202545166,-158.00086975097656,,,,-198.1161346435547,-208.31956481933594,
-103.2063126252505,43.15,19.822099939670654,1036.9739990234375,,,,,1036.4371337890625,780.9488525390625,711.05615234375,618.6861572265625,603.7101440429688,518.9306640625,480.9649658203125,434.905029296875,357.3514099121094,277.486572265625,188.24378967285156,63.36933517456055,26.427162170410156,-157.85049438476562,,,,-197.89996337890625,-320.8394470214844,
-103.20250501002005,43.15,20.13182025122801,1038.36865234375,,,,,1039.3807373046875,782.5057983398438,711.7471313476562,619.5792236328125,604.5975952148438,520.2960815429688,482.32159423828125,436.24847412109375,357.673583984375,278.5402526855469,189.00489807128906,64.10982513427734,27.157602310180664,-196.94053649902344,,,,-232.88954162597656,-319.1631774902344,
-103.19869739478958,43.15,20.441540562785363,1048.182373046875,,,,,1044.1475830078125,784.1027221679688,712.3682861328125,620.4005126953125,605.4163208007812,521.6167602539062,483.639404296875,437.5596923828125,357.9542541503906,279.4894714355469,189.74649047851562,64.85169219970703,27.882183074951172,-195.30970764160156,,,,-234.3657989501953,-317.4354553222656,
-103.19488977955912,43.15,20.75126087434272,1052.2530517578125,,,,,1052.1529541015625,787.3953247070312,713.4282836914062,621.86083984375,606.884765625,524.1529541015625,486.1940612792969,438.8643493652344,358.4380798339844,281.3022766113281,190.47264099121094,84.8055419921875,26.895652770996094,-195.74331665039062,,,,-237.25840759277344,-313.8089904785156,
-103.19108216432866,43.15,21.060981185900072,1055.8759765625,1053.345703125,,,,1051.7662353515625,789.1651000976562,713.7886962890625,622.4197998046875,607.44677734375,525.21142578125,487.26434326171875,440.1199951171875,358.50323486328125,278.109619140625,202.34007263183594,82.1965103149414,24.233766555786133,-196.61090087890625,,,,-238.60198974609375,-311.9126281738281,
-103.1872745490982,43.15,21.37070149745743,,,,,,1046.511962890625,791.391845703125,713.9487915039062,622.7742919921875,607.7957153320312,526.0198364257812,489.7403869628906,430.3829040527344,355.3970947265625,274.8548583984375,199.06582641601562,79.6421127319336,21.660415649414062,-197.47219848632812,,,,-239.87307739257812,-309.9649353027344,
-103.18346693386773,43.15,21.68042180901478,,1039.7947998046875,,,,1039.708740234375,794.2083740234375,713.9762573242188,,625.3311157226562,527.0672607421875,489.1013488769531,429.00079345703125,352.0281066894531,271.6468505859375,195.85122680664062,77.21024322509766,19.218292236328125,-198.3148956298828,,,,-241.04388427734375,-307.9678955078125,
-103.17965931863728,43.15,21.99014212057213,,1034.6676025390625,,1029.30322265625,,1033.06787109375,797.8650512695312,733.2887573242188,662.2977905273438,633.29638671875,526.1471557617188,488.1616516113281,427.0975036621094,348.30230712890625,265.5313720703125,192.73434448242188,74.93877410888672,16.941003799438477,-199.1043243408203,,,,-242.990966796875,-303.80712890625,
-103.17585170340682,43.15,22.299862432129487,,1031.2392578125,,1023.2376098632812,,1022.3541870117188,831.4223022460938,732.3661499023438,661.3619384765625,632.3601684570312,524.1907348632812,486.1929931640625,425.31243896484375,340.46746826171875,262.6296081542969,186.80946350097656,70.93480682373047,12.929717063903809,-200.48446655273438,,,,-243.744384765625,-301.6488037109375,
-103.17204408817635,43.15,22.60958274368684,,,,1020.9282836914062,,1016.6515502929688,831.1349487304688,732.1165161132812,661.1119995117188,632.1103515625,523.3508911132812,485.3529968261719,422.132080078125,336.4912414550781,259.841796875,184.01365661621094,69.21588134765625,11.208388328552246,-201.06529235839844,,,,-244.34730529785156,-299.4431457519531,
-103.16823647294589,43.15,22.919303055244196,,,,1025.8802490234375,,1015.9682006835938,833.501220703125,734.4406127929688,663.4349975585938,634.4336547851562,523.2874145507812,485.2861022949219,421.84832763671875,335.56817626953125,260.37884521484375,184.54019165039062,72.03023529052734,14.024001121520996,-199.1697540283203,,,,-244.81320190429688,-296.29229736328125,
-103.16442885771544,43.15,23.22902336680155,,,,1013.7586059570312,,1013.025634765625,833.4793090820312,734.4461669921875,663.4393920898438,634.4380493164062,522.6954345703125,484.6922912597656,420.6606140136719,331.51165771484375,255.40345764160156,181.96673583984375,70.70210266113281,12.69417667388916,-199.6271209716797,,,,-245.1661376953125,-291.5825500488281,
-103.16062124248498,43.15,23.5387436783589,,,,1010.4481811523438,,1005.7468872070312,834.176025390625,735.1400146484375,664.13134765625,635.1298828125,522.199462890625,484.1940612792969,419.70587158203125,323.48968505859375,253.17648315429688,179.55734252929688,68.70616149902344,10.696524620056152,-200.36032104492188,,,,-245.13671875,-289.15966796875,
-103.15681362725451,43.15,23.848463989916258,,1007.7752075195312,,1005.9933471679688,,1001.8934936523438,834.9232177734375,735.8826904296875,664.873779296875,635.8723754882812,522.325927734375,484.3206481933594,418.70916748046875,319.5284118652344,251.1300048828125,175.2683868408203,68.07888793945312,10.068849563598633,-200.6390380859375,,,,-244.94772338867188,-286.6792297363281,
-103.15300601202405,43.15,24.15818430147361,,,,,,999.5902099609375,835.926025390625,736.8964233398438,665.9002685546875,636.8867797851562,522.698486328125,484.6942138671875,418.6349182128906,315.6329040527344,249.25735473632812,173.38827514648438,67.69046783447266,9.680184364318848,-200.86708068847656,,,,-244.60877990722656,-284.1522521972656,
-103.1491983967936,43.15,24.467904613030967,,,,1001.6593017578125,,1001.4506225585938,837.2171630859375,738.1797485351562,667.1673583984375,638.171630859375,523.352783203125,485.3507995605469,418.8158264160156,311.8299255371094,247.56336975097656,171.6873016357422,67.55995178222656,9.549885749816895,-201.0455780029297,,,,-244.1285858154297,-281.58349609375,
-103.14539078156312,43.15,24.77762492458832,,,,,,1000.8493041992188,840.6408081054688,741.4456787109375,670.4452514648438,641.4432983398438,525.3226318359375,487.3288269042969,419.25347900390625,304.46563720703125,244.77865600585938,170.1953125,68.04468536376953,10.036492347717285,-201.2785186767578,,,,-242.75840759277344,-276.3282470703125,
-103.14158316633267,43.15,25.087345236145676,,,,,,1001.1680297851562,842.9122924804688,743.861328125,672.4069213867188,643.4053344726562,526.570556640625,488.58306884765625,419.97283935546875,300.9133605957031,243.6829833984375,167.7959747314453,68.6512451171875,10.644652366638184,-201.3411407470703,,,,-241.8258056640625,-273.622314453125,
-103.13777555110221,43.15,25.39706554770303,,,,,,1004.2250366210938,845.969970703125,746.8695068359375,674.5227661132812,645.522705078125,527.98095703125,490.0020446777344,421.937744140625,297.45855712890625,242.75634765625,166.8651885986328,69.48209381103516,11.477685928344727,-201.37623596191406,,,,-240.74429321289062,-270.8924560546875,
-103.13396793587175,43.15,25.706785859260382,,1013.0842895507812,,,,1009.8906860351562,849.6410522460938,750.5719604492188,676.7255859375,647.7294311523438,529.5435791015625,491.5774230957031,423.12628173828125,294.1036376953125,241.9816131591797,166.09466552734375,70.53450775146484,12.533974647521973,-201.388671875,,,,-239.535888671875,-268.14666748046875,
-103.13016032064128,43.15,26.016506170817735,,1016.8472900390625,,1015.284423828125,,1014.35009765625,853.4829711914062,754.364990234375,678.9580078125,649.9684448242188,531.2018432617188,493.2539367675781,424.4444274902344,290.817138671875,240.1067657470703,165.3499298095703,71.77056884765625,13.776572227478027,-201.38406372070312,,,,-236.84884643554688,-262.7043762207031,
-103.12635270541082,43.15,26.326226482375088,,1015.2308959960938,,1012.2952880859375,,1009.7440795898438,865.0335693359375,764.9841918945312,685.3071899414062,656.3712768554688,536.699951171875,498.9806213378906,428.2431640625,283.2369689941406,239.15419006347656,163.2216339111328,75.23221588134766,20.660011291503906,-198.96983337402344,,,,-234.62091064453125,-258.3996887207031,
-103.12254509018037,43.15,26.635946793932444,,1013.6532592773438,,1010.2440185546875,,1007.90185546875,869.4520263671875,767.2819213867188,686.1073608398438,657.221435546875,537.882568359375,500.7358703613281,432.54345703125,278.3688049316406,237.5362548828125,161.41525268554688,74.99353790283203,22.161745071411133,-198.936767578125,,,,-233.442626953125,-256.08935546875,
-103.1187374749499,43.15,26.945667105489797,,1013.8118286132812,,1009.9573364257812,,1008.8788452148438,867.9677734375,767.0776977539062,684.1035766601562,655.1929931640625,535.6356811523438,498.3033142089844,426.4521179199219,278.2042541503906,237.74542236328125,161.74081420898438,75.31298828125,22.61283302307129,-198.9075927734375,,,,-234.55899047851562,-256.2871398925781,
-103.11492985971944,43.15,27.25538741704715,,,,,,1011.8235473632812,864.3377685546875,764.744384765625,679.6985473632812,650.7249145507812,530.8807373046875,493.0179138183594,420.5652160644531,280.19036865234375,238.64117431640625,162.67950439453125,76.01116943359375,22.34161949157715,-198.88958740234375,,,,-237.03826904296875,-257.9849853515625,
-103.11112224448898,43.15,27.565107728604506,,,,,,1009.4457397460938,857.6420288085938,758.6069946289062,669.6611938476562,640.67724609375,520.6951293945312,482.7632751464844,415.0773010253906,283.87164306640625,240.34190368652344,163.5450897216797,77.57257843017578,21.971336364746094,-198.9091339111328,,,,-241.8309783935547,-261.46649169921875,
-103.10731462925852,43.15,27.87482804016186,,,,1008.3099975585938,,1006.9495239257812,854.3724365234375,755.359619140625,664.4967041015625,635.5025634765625,515.531982421875,477.5898742675781,404.2598876953125,285.6465759277344,241.1860809326172,165.2494354248047,78.39947509765625,21.90011215209961,-198.95758056640625,,,,-244.08917236328125,-263.1795349121094,
-103.10350701402805,43.15,28.184548351719215,,1009.3504028320312,,1006.8592529296875,,1004.0560302734375,851.0353393554688,752.0460205078125,659.2509155273438,630.2506713867188,510.2445068359375,472.2848815917969,398.8204650878906,287.33612060546875,241.86524963378906,165.9549560546875,79.24378204345703,21.873605728149414,-199.0442657470703,,,,-246.24497985839844,-264.86865234375,
-103.0996993987976,43.15,28.494268663276568,,1004.5494995117188,,,,1000.5423583984375,847.6447143554688,748.6428833007812,653.873779296875,624.874267578125,504.8841857910156,466.91229248046875,393.35235595703125,288.6780700683594,242.24729919433594,166.35873413085938,79.78553771972656,21.883466720581055,-199.1692657470703,,,,-248.29391479492188,-266.5190124511719,
-103.09589178356714,43.15,28.803988974833924,,1000.3479614257812,,,,998.75048828125,844.1221923828125,745.1869506835938,648.4326782226562,619.432373046875,499.42425537109375,461.4316711425781,387.8561096191406,289.65960693359375,242.31788635253906,166.42984008789062,79.91910552978516,21.922496795654297,-199.3296356201172,,,,-252.1618194580078,-269.74188232421875,
-103.09208416833667,43.15,29.113709286391277,,1000.1586303710938,,996.9253540039062,,996.30615234375,835.7349243164062,738.1611328125,637.4309692382812,608.4269409179688,488.3970031738281,450.39154052734375,382.3326416015625,291.2344055175781,242.3066864013672,166.4135284423828,80.04125213623047,22.0430850982666,-199.75440979003906,,,,-253.9895477294922,-271.31451416015625,
-103.08827655310621,43.15,29.42342959794863,,998.4418334960938,,,,994.8873901367188,833.602294921875,736.3510131835938,633.318115234375,604.31396484375,484.2939453125,446.28564453125,372.63446044921875,295.10443115234375,245.21755981445312,169.3238983154297,83.73390197753906,25.736574172973633,-197.896728515625,,,,-255.50144958496094,-272.21417236328125,
-103.08446893787576,43.15,29.733149909505983,,993.1258544921875,,,,992.1917114257812,828.9437255859375,732.7258911132812,627.7310791015625,598.7225952148438,478.6866760253906,440.6754455566406,367.01556396484375,295.7402648925781,245.18894958496094,169.29592895507812,83.80699920654297,25.80909538269043,-198.2182159423828,,,,-257.1552734375,-273.72857666015625,
-103.0806613226453,43.15,30.042870221063335,,992.2266235351562,,987.18798828125,,988.6437377929688,824.2190551757812,729.062255859375,622.1077270507812,593.093994140625,473.0506286621094,435.03680419921875,361.35638427734375,296.3050231933594,245.08534240722656,169.25355529785156,83.88059997558594,25.882232666015625,-198.56333923339844,,,,-260.2893371582031,-276.67755126953125,
-103.07685370741483,43.15,30.352590532620688,,995.2532348632812,,985.0177612304688,,982.9603881835938,814.5762329101562,721.6702270507812,610.77392578125,581.7423095703125,461.69085693359375,423.6738586425781,355.66021728515625,297.2294921875,245.0066375732422,169.11534118652344,84.02080535888672,26.021848678588867,-199.24696350097656,,,,-261.7762756347656,-278.1125793457031,
-103.07304609218437,43.15,30.662310844178045,,993.9744262695312,,983.0573120117188,,980.6966552734375,809.6419067382812,717.9407958984375,605.0731811523438,576.0240478515625,455.9194641113281,417.9024963378906,344.08795166015625,297.5980529785156,244.90411376953125,169.012939453125,84.08020782470703,26.081085205078125,-199.58135986328125,,,,-263.21917724609375,-279.5246276855469,
-103.06923847695391,43.15,30.972031155735397,,992.6475219726562,,981.0921630859375,,978.5767822265625,804.7411499023438,714.1887817382812,599.3800048828125,570.2919921875,450.0439453125,412.014892578125,338.0291442871094,297.90545654296875,244.7776336669922,168.8871612548828,84.12805938720703,26.12884521484375,-199.90866088867188,,,,-264.6199951171875,-280.9140625,
-103.06543086172344,43.15,31.281751467292754,,984.6715087890625,,976.3939819335938,,976.2324829101562,800.1309204101562,710.6729125976562,593.7047729492188,564.3690795898438,444.0282897949219,406.0083312988281,331.581787109375,298.1367492675781,244.6229248046875,168.73330688476562,84.1612319946289,26.161962509155273,-200.2327117919922,,,,-265.97845458984375,-282.27923583984375,
-103.06162324649299,43.15,31.591471778850106,,975.081298828125,,973.8090209960938,,971.00390625,792.8377075195312,703.2574462890625,588.7799072265625,559.4263916015625,438.6856994628906,400.64703369140625,326.9454345703125,298.4022521972656,244.2117156982422,168.54519653320312,84.16769409179688,26.168407440185547,-200.82528686523438,,,,-268.5598449707031,-284.9308776855469,
-103.05781563126253,43.15,31.901192090407463,,,,971.2688598632812,,968.6107177734375,790.114013671875,698.8950805664062,589.02099609375,559.8604125976562,439.8985290527344,401.88848876953125,329.11651611328125,298.44305419921875,243.95008850097656,168.06170654296875,84.1298828125,26.130578994750977,-201.10067749023438,,,,-269.7974853515625,-286.2240905761719,
-103.05400801603207,43.15,32.21091240196482,,,,969.010986328125,,966.6361083984375,787.922119140625,695.2996826171875,589.8551635742188,560.7969360351562,440.7391357421875,402.7337341308594,331.4045104980469,298.4211730957031,243.65194702148438,167.76405334472656,84.06358337402344,26.06426239013672,-201.3631134033203,,,,-271.0013122558594,-287.4959411621094,
-103.0502004008016,43.15,32.52063271352217,,,,966.1227416992188,,964.9797973632812,785.8396606445312,691.6934204101562,590.6757202148438,561.6321411132812,441.5369873046875,403.53289794921875,332.2577819824219,298.3249206542969,243.30987548828125,167.42259216308594,83.96829986572266,25.968950271606445,-201.61441040039062,,,,-272.16925048828125,-288.7440185546875,
-103.04639278557114,43.15,32.830353025079525,,,,,,959.9127197265625,786.099365234375,689.2113037109375,593.6400146484375,564.6106567382812,444.5714416503906,406.5542297363281,335.4422912597656,301.21795654296875,245.3166046142578,169.87657165527344,87.2726821899414,29.274181365966797,-200.26734924316406,,,,-273.9300842285156,-290.62457275390625,
-103.04258517034069,43.15,33.14007333663688,,,,,,957.5892333984375,781.1946411132812,682.1806030273438,595.2625732421875,566.2487182617188,446.2052307128906,408.2015686035156,336.3082580566406,300.650634765625,244.8161163330078,168.9298095703125,86.86454772949219,28.86585235595703,-200.7304229736328,,,,-274.98358154296875,-291.8027038574219,
-103.03877755511022,43.15,33.44979364819423,,,,,,957.4796142578125,777.803955078125,678.75927734375,595.9909057617188,566.9811401367188,446.962890625,408.96051025390625,337.868896484375,300.2803649902344,244.27015686035156,168.3836212158203,86.60919189453125,28.610427856445312,-200.9364013671875,,,,-276.0063781738281,-292.9595947265625,
-103.03496993987976,43.15,33.75951395975158,,,,,,954.185791015625,774.4590454101562,675.401611328125,596.6405029296875,567.6342163085938,447.6407470703125,409.6384582519531,338.5318298339844,299.8599548339844,243.6837921142578,167.7969970703125,86.30828857421875,28.30939292907715,-201.1287841796875,,,,-277.0030822753906,-294.09722900390625,
-103.0311623246493,43.15,34.069234271308936,,,,,,953.4584350585938,771.242919921875,672.1315307617188,597.1932983398438,568.1915283203125,448.180908203125,410.177001953125,339.0557861328125,299.39178466796875,242.39852905273438,167.17218017578125,85.97713470458984,27.97810173034668,-201.3080291748047,,,,-278.9205627441406,-296.3149108886719,
-103.02735470941884,43.15,34.37895458286629,,,,,,953.0614013671875,768.0223999023438,668.8155517578125,597.8131713867188,568.8165283203125,448.8179626464844,410.8155517578125,339.4016418457031,298.29931640625,241.6891632080078,166.51068115234375,85.22810363769531,27.22879409790039,-201.62625122070312,,,,-279.8368225097656,-297.39117431640625,
-103.02354709418837,43.15,34.68867489442365,,,,,,954.0232543945312,767.907470703125,668.8424682617188,597.8386840820312,568.8433837890625,448.8797302246094,410.876708984375,339.537109375,297.6938171386719,240.94761657714844,165.05908203125,84.811279296875,26.81188201904297,-201.76573181152344,,,,-280.7279968261719,-298.44854736328125,
-103.01973947895792,43.15,34.998395205981,,,,,,948.6397094726562,767.752197265625,668.6924438476562,597.6886596679688,568.6946411132812,448.7098388671875,410.7065734863281,339.3166198730469,297.0535888671875,240.17922973632812,164.2898406982422,84.3621826171875,26.36268424987793,-201.8948211669922,,,,-281.5965881347656,-299.4881286621094,
-103.01593186372746,43.15,35.308115517538354,,,,,,945.7254028320312,767.41943359375,668.369384765625,597.3635864257812,568.3695068359375,448.35418701171875,410.35150146484375,338.9046936035156,296.38104248046875,239.38340759277344,163.4930877685547,83.89395904541016,25.89436912536621,-202.0140838623047,,,,-282.4430847167969,-300.5101623535156,
-103.012124248497,43.15,35.61783582909571,,,,,,944.1314697265625,766.22509765625,667.19921875,596.1834716796875,567.18896484375,447.20367431640625,409.2012634277344,338.2994384765625,294.9300231933594,237.7028350830078,162.6693115234375,82.8998794555664,24.90015983581543,-202.22291564941406,,,,-284.0643310546875,-302.4952697753906,
-103.00831663326653,43.15,35.92755614065306,,,,,,943.9803466796875,765.4502563476562,666.4291381835938,595.4154052734375,566.4204711914062,446.434814453125,408.43243408203125,337.5706787109375,294.1679382324219,236.82554626464844,160.93333435058594,82.37364196777344,24.37392807006836,-202.31417846679688,,,,-284.8406066894531,-303.4602966308594,
-103.00450901803607,43.15,36.237276452210416,,,,,,947.4296875,767.0162963867188,667.9887084960938,596.9844360351562,567.988525390625,447.99078369140625,409.9888000488281,338.2295837402344,295.819580078125,238.28916931152344,162.3956298828125,84.78036499023438,26.78108024597168,-201.0468292236328,,,,-285.0370178222656,-303.8966064453125,
-103.00070140280562,43.15,36.54699676376777,,,,949.8724975585938,,949.5465698242188,765.9793701171875,666.9606323242188,595.9523315429688,566.955810546875,446.9640197753906,408.96209716796875,337.14776611328125,294.9703369140625,237.3352508544922,161.44158935546875,84.1943359375,26.19512367248535,-201.12899780273438,,,,-285.76336669921875,-304.82440185546875,
-102.99689378757515,43.15,36.85671707532513,,,,,,946.7286987304688,764.8988647460938,665.8832397460938,594.8753051757812,565.8781127929688,445.88055419921875,407.87896728515625,336.02850341796875,294.1038513183594,235.3887939453125,160.47486877441406,83.59429931640625,25.595293045043945,-201.2049102783203,,,,-287.161376953125,-306.6330871582031,
-102.99308617234469,43.15,37.16643738688248,,,,,,945.2865600585938,762.6455688476562,663.6348876953125,592.6283569335938,563.6304931640625,443.6281433105469,405.624267578125,334.89227294921875,292.3218994140625,234.3931121826172,158.496826171875,82.36315155029297,24.365081787109375,-201.34022521972656,,,,-287.83294677734375,-307.51312255859375,
-102.98927855711423,43.15,37.476157698439835,,,,946.5908813476562,,944.4091796875,761.4886474609375,662.478759765625,591.4733276367188,562.4744873046875,442.47235107421875,404.4707336425781,332.5540771484375,291.4032897949219,233.37747192382812,157.48126220703125,81.73353576660156,23.736879348754883,-201.39988708496094,,,,-288.48516845703125,-308.3760986328125,
-102.98547094188378,43.15,37.785878009997184,,,,,,943.456787109375,760.32568359375,661.3169555664062,590.31201171875,561.3128662109375,441.31243896484375,403.3109130859375,331.3830261230469,290.46148681640625,232.33778381347656,156.44219970703125,81.09297180175781,23.099775314331055,-201.45651245117188,,,,-289.11767578125,-309.22247314453125,
-102.9816633266533,43.15,38.09559832155454,,,,944.4549560546875,,943.50830078125,759.1590576171875,660.1513671875,589.1466674804688,560.1474609375,440.14459228515625,402.1431884765625,330.1986389160156,289.472900390625,231.2316436767578,155.3374481201172,80.42495727539062,22.44639778137207,-201.51705932617188,,,,-289.7339172363281,-310.05438232421875,
-102.97785571142285,43.15,38.4053186331119,,,,944.3356323242188,,942.3187255859375,756.8233032226562,657.817138671875,586.8130493164062,557.8134765625,437.8118896484375,399.810546875,329.0166015625,287.25244140625,228.7447509765625,154.14158630371094,78.76033020019531,20.775524139404297,-201.9822235107422,,,,-290.9178771972656,-311.67431640625,
-102.97404809619239,43.15,38.715038944669246,,946.825439453125,,944.5834350585938,,942.3489990234375,755.6605224609375,656.6542358398438,585.65087890625,556.6475830078125,436.6498718261719,398.6485900878906,326.6709289550781,286.0146179199219,227.38035583496094,151.48558044433594,77.80776977539062,19.811861038208008,-202.33566284179688,,,,-291.48406982421875,-312.4608459472656,
-102.97024048096192,43.15,39.0247592562266,,949.057373046875,,945.451171875,,943.1347045898438,754.5053100585938,655.4996948242188,584.4962158203125,555.4957275390625,435.49273681640625,397.4914855957031,325.511474609375,284.75164794921875,225.99655151367188,150.10137939453125,76.83538818359375,18.837013244628906,-202.69151306152344,,,,-292.0335388183594,-313.232666015625,
-102.96643286573146,43.15,39.33447956778396,,954.7944946289062,,946.875,,944.8002319335938,753.3568115234375,654.3519287109375,583.3480224609375,554.3463134765625,434.34326171875,396.342041015625,324.3546447753906,283.4722595214844,224.60232543945312,148.70562744140625,75.85054779052734,17.85127067565918,-203.04945373535156,,,,-292.56866455078125,-313.9913635253906,
-102.962625250501,43.15,39.64419987934131,,957.6760864257812,,953.1788940429688,,948.8932495117188,753.8798217773438,654.8749389648438,583.870849609375,554.8679809570312,434.8648681640625,396.8636779785156,324.857177734375,284.1694641113281,223.70449829101562,149.2483673095703,77.4408187866211,19.44112777709961,-202.13645935058594,,,,-292.984619140625,-314.96624755859375,
-102.95881763527055,43.15,39.953920190898664,,960.610595703125,,955.5081176757812,,955.5451049804688,751.5657348632812,652.561279296875,581.5572509765625,552.55810546875,432.554931640625,394.5538024902344,323.6927795410156,281.50384521484375,222.253173828125,146.35475158691406,75.3988037109375,17.398380279541016,-202.86627197265625,,,,-293.47210693359375,-315.6828918457031,
-102.95501002004008,43.15,40.26364050245602,,960.005859375,,957.8099365234375,,958.1820678710938,750.4261474609375,651.421875,580.4180297851562,551.4186401367188,431.4154357910156,393.414306640625,321.3944091796875,280.1569519042969,220.7925567626953,144.8929443359375,74.36371612548828,16.363046646118164,-203.23878479003906,,,,-293.94586181640625,-316.38623046875,
-102.95120240480962,43.15,40.57336081401338,,963.9230346679688,,960.0104370117188,,959.8027954101562,749.2999267578125,650.2958374023438,579.2921142578125,550.2901000976562,430.2868347167969,392.2857360839844,320.266357421875,278.79656982421875,219.32040405273438,143.4204559326172,73.3199691772461,15.319089889526367,-203.6183319091797,,,,-294.4066467285156,-317.0772705078125,
-102.94739478957916,43.15,40.883081125570726,,962.669189453125,,962.6229248046875,,960.57568359375,748.183837890625,649.179931640625,578.17626953125,549.1724853515625,429.1691589355469,391.1680908203125,319.15216064453125,277.4245910644531,216.33932495117188,141.93435668945312,72.2673110961914,14.266255378723145,-204.00439453125,,,,-295.2861328125,-318.41973876953125,
-102.94358717434869,43.15,41.19280143712808,,,,962.4581909179688,,960.3333129882812,745.9844360351562,646.9807739257812,575.9773559570312,546.9779052734375,426.97467041015625,388.9736022949219,318.0469665527344,274.6495361328125,214.8338623046875,138.93267822265625,70.12966918945312,12.12834358215332,-204.79815673828125,,,,-295.70819091796875,-319.07403564453125,
-102.93977955911824,43.15,41.50252174868544,,,,961.702392578125,,961.0316772460938,744.9034423828125,645.8998413085938,574.8965454101562,545.896484375,425.8931884765625,387.89215087890625,315.8688049316406,273.24725341796875,213.3178253173828,137.4160614013672,69.04425048828125,11.042804718017578,-205.20765686035156,,,,-296.117919921875,-319.716064453125,
-102.93597194388778,43.15,41.81224206024279,,966.1810913085938,,,,960.8296508789062,743.8344116210938,644.8309326171875,573.8277587890625,544.82568359375,424.8223876953125,386.8213806152344,314.80029296875,271.8299255371094,211.7892608642578,135.8870391845703,67.94819641113281,9.946640968322754,-205.62826538085938,,,,-296.51629638671875,-320.3469543457031,
-102.93216432865732,43.15,42.121962371800144,,974.0880126953125,,957.531005859375,,958.7796630859375,742.7756958007812,643.7723388671875,572.7692260742188,543.7654418945312,423.7621765136719,385.7611389160156,313.74371337890625,270.4010009765625,210.24696350097656,134.34466552734375,66.84114074707031,8.839483261108398,-206.0586395263672,,,,-296.9014587402344,-320.96539306640625,
-102.92835671342685,43.15,42.4316826833575,,988.8540649414062,,956.0106201171875,,954.6349487304688,740.6892700195312,641.68603515625,570.68310546875,541.68359375,421.6804504394531,383.679443359375,312.696044921875,267.50958251953125,207.1304931640625,132.79144287109375,64.58651733398438,6.584680557250977,-206.95016479492188,,,,-297.64093017578125,-322.1716613769531,
-102.9245490981964,43.15,42.74140299491486,,988.9202880859375,,954.4486083984375,,952.633544921875,739.6637573242188,640.66064453125,569.6578369140625,540.6573486328125,420.6541748046875,382.6531677246094,311.6584777832031,266.0478210449219,205.5553741455078,129.6512451171875,63.4395866394043,5.437660217285156,-207.41322326660156,,,,-297.9946594238281,-322.7586975097656,
-102.92074148296594,43.15,43.051123306472206,,986.5296630859375,954.339599609375,953.279052734375,,950.9520263671875,740.0224609375,641.0194091796875,570.0166015625,541.01708984375,421.0140075683594,383.0130310058594,310.9861755371094,266.2723388671875,205.6355438232422,129.73211669921875,64.65853118896484,6.6566243171691895,-206.6253204345703,,,,-297.7000732421875,-322.8327331542969,
-102.91693386773547,43.15,43.36084361802956,,981.5493774414062,958.7890625,950.9697875976562,,948.5379638671875,739.004638671875,640.0016479492188,568.9989013671875,539.9990844726562,419.9960021972656,381.99505615234375,309.9676818847656,264.7652587890625,204.01510620117188,128.1111602783203,63.469661712646484,5.467654705047607,-207.11656188964844,,,,-298.0304260253906,-323.3972473144531,
-102.91312625250501,43.15,43.67056392958691,,,963.1671752929688,946.5564575195312,,946.3751831054688,737.9985961914062,638.9956665039062,567.9930419921875,538.9909057617188,418.98785400390625,380.9869079589844,308.9622802734375,263.24542236328125,200.73582458496094,126.47827911376953,62.2669792175293,4.264866352081299,-207.62255859375,,,,-298.6631164550781,-324.4978942871094,
-102.90931863727455,43.15,43.98028424114426,,,955.408203125,944.8026733398438,,942.9201049804688,736.0135498046875,637.0107421875,566.0082397460938,537.0071411132812,417.004150390625,379.0032043457031,307.9673767089844,260.16143798828125,199.07583618164062,123.17070770263672,59.820709228515625,1.8188199996948242,-208.67898559570312,,,,-298.96502685546875,-325.0335998535156,
-102.9055110220441,43.15,44.29000455270162,,,946.4354248046875,943.1786499023438,,941.3438720703125,735.0347290039062,636.031982421875,565.029541015625,536.0299682617188,416.02703857421875,378.0260925292969,306.00384521484375,258.6015319824219,197.40415954589844,121.49835205078125,58.57094192504883,0.5681263208389282,-209.22792053222656,,,,-299.25872802734375,-325.5606994628906,
-102.90170340681362,43.15,44.599724864258974,,,942.04052734375,941.6204223632812,,939.8267822265625,734.0668334960938,635.0641479492188,564.0618286132812,535.0614624023438,415.0585632324219,377.0576171875,305.0351257324219,257.0315246582031,195.72108459472656,119.81449890136719,57.306278228759766,-0.6964842081069946,-209.79115295410156,,,,-299.5437927246094,-326.0787353515625,
-102.89789579158317,43.15,44.90944517581632,,,946.2285766601562,938.4771728515625,,938.4013671875,733.1083984375,634.1057739257812,563.103515625,534.1013793945312,414.0985107421875,376.0975646972656,304.0780334472656,255.44815063476562,192.3192596435547,118.11975860595703,56.027095794677734,-1.9751358032226562,-210.3701629638672,,,,-300.08990478515625,-327.089599609375,
-102.89408817635271,43.15,45.21916548737368,,,950.4434204101562,936.6566772460938,,934.9920654296875,731.2149047851562,632.2123413085938,561.2102661132812,532.2094116210938,412.2065734863281,374.2056579589844,303.1292724609375,252.24197387695312,190.6014862060547,114.69303131103516,53.42866897583008,-4.5741777420043945,-211.5731658935547,,,,-300.35076904296875,-327.582275390625,
-102.89028056112224,43.15,45.528885798931036,,,949.1482543945312,934.6497192382812,,932.8751831054688,730.2797241210938,631.2771606445312,560.275146484375,531.2755126953125,411.27276611328125,373.2718200683594,301.25390625,250.62371826171875,188.8754425048828,112.96366882324219,52.103729248046875,-5.899263381958008,-212.19442749023438,,,,-300.6045837402344,-328.0673522949219,
-102.88647294589178,43.15,45.83860611048839,,,931.2459716796875,932.4746704101562,,930.4351806640625,729.3541259765625,630.3516235351562,559.3496704101562,530.3489379882812,410.3461608886719,372.3452453613281,300.3273010253906,249.00083923339844,187.14137268066406,111.23080444335938,50.7661018371582,-7.237023830413818,-212.82687377929688,,,,-300.8512268066406,-328.544677734375,
-102.88266533066133,43.15,46.14832642204574,,,930.5997314453125,927.6580810546875,,927.7717895507812,728.435791015625,629.433349609375,558.431396484375,529.4293212890625,409.4266052246094,371.4256591796875,299.410400390625,247.3651885986328,185.39852905273438,109.48636627197266,49.41659927368164,-8.586687088012695,-213.4730987548828,,,,-301.0914306640625,-329.0150146484375,
-102.87885771543087,43.15,46.4580467336031,,,927.5240478515625,924.254150390625,,922.5399169921875,726.6183471679688,627.615966796875,556.6140747070312,527.613525390625,407.6108703613281,369.6099548339844,298.50006103515625,244.0734100341797,181.9029541015625,107.73814392089844,46.693328857421875,-11.310309410095215,-214.79689025878906,,,,-301.5504455566406,-329.9323425292969,
-102.8750501002004,43.15,46.767767045160454,,,,920.53515625,,918.6318359375,726.94921875,627.9468994140625,556.9440307617188,527.942626953125,407.94000244140625,369.9391174316406,298.8273010253906,243.7779541015625,181.44766235351562,105.53005981445312,47.389678955078125,-10.614380836486816,-214.3625946044922,,,,-301.1028747558594,-329.85931396484375,
-102.87124248496994,43.15,47.0774873567178,,,,,,914.9718017578125,726.0497436523438,627.0474243164062,556.0452880859375,527.0447387695312,407.0421447753906,369.041259765625,297.0252380371094,242.0904083251953,179.66241455078125,103.73983001708984,45.979862213134766,-12.024545669555664,-215.06776428222656,,,,-301.3144226074219,-330.2983703613281,
-102.86743486973948,43.15,47.38720766827516,,,,,,914.7564086914062,725.156005859375,626.1536254882812,555.1533813476562,526.1522216796875,406.149658203125,368.14874267578125,296.13232421875,240.40550231933594,177.88726806640625,101.9650650024414,44.566123962402344,-13.438722610473633,-215.77549743652344,,,,-301.5207214355469,-330.73138427734375,
-102.86362725450901,43.15,47.696927979832516,,,,,,914.7371826171875,724.2698364257812,625.2671508789062,554.2666015625,525.264892578125,405.26220703125,367.2613220214844,295.2448425292969,238.7427978515625,174.40850830078125,100.20738220214844,43.155277252197266,-14.850198745727539,-216.4687042236328,,,,-301.9180603027344,-331.5797424316406,
-102.85981963927856,43.15,48.00664829138987,,,,,,911.6261596679688,722.5281372070312,623.520751953125,552.516845703125,523.5087890625,403.5029296875,365.5020446777344,294.36431884765625,235.51963806152344,172.76292419433594,96.82147216796875,40.42091369628906,-17.586214065551758,-217.76779174804688,,,,-302.1094055175781,-331.9952697753906,
-102.8560120240481,43.15,48.31636860294722,,,,,,911.9402465820312,721.68896484375,622.6782836914062,551.6820068359375,522.6596069335938,402.64007568359375,364.63092041015625,292.6167297363281,234.0020751953125,171.2014923095703,95.23909759521484,39.16257858276367,-18.845050811767578,-218.32386779785156,,,,-302.29541015625,-332.404541015625,
-102.85220440881764,43.15,48.62608891450458,,,,,,912.98876953125,720.8843383789062,621.8697509765625,550.9039916992188,521.881591796875,401.8630676269531,363.763427734375,291.74853515625,232.57894897460938,169.7370147705078,93.77171325683594,37.997032165527344,-20.01054573059082,-218.7724609375,,,,-302.4772033691406,-332.8087158203125,
-102.84839679358717,43.15,48.935809226061934,,,,,,913.626220703125,720.1785888671875,621.1676635742188,550.1670532226562,521.142333984375,401.1209716796875,362.8995056152344,290.884521484375,231.2630157470703,167.07571411132812,92.41712188720703,36.93815231323242,-21.068496704101562,-219.10446166992188,,,,-302.8292236328125,-333.6021728515625,
-102.84458917835671,43.15,49.245529537619284,,,,923.635009765625,,922.265869140625,718.8733520507812,619.8700561523438,548.8712768554688,519.8681030273438,399.86572265625,361.1827087402344,290.0252380371094,228.8529510498047,165.84933471679688,91.13715362548828,35.035194396972656,-22.969459533691406,-219.54177856445312,,,,-302.99932861328125,-333.9921569824219,
-102.84078156312626,43.15,49.55524984917664,,,929.7369995117188,924.5709228515625,,924.4312744140625,718.2460327148438,619.2445068359375,548.2445678710938,519.2432250976562,399.2417907714844,360.330078125,288.3153381347656,227.71347045898438,164.65821838378906,88.71627807617188,34.14014434814453,-23.863887786865234,-219.70260620117188,,,,-303.1653137207031,-334.3765869140625,
-102.8369739478958,43.15,49.864970160733996,,,938.8840942382812,,,925.8339233398438,717.6209716796875,618.6197509765625,547.6188354492188,518.6181640625,398.6169128417969,359.47930908203125,287.46356201171875,226.59414672851562,163.48663330078125,87.54553985595703,33.26634979248047,-24.737239837646484,-219.8491973876953,,,,-303.32861328125,-334.7583312988281,
-102.83316633266533,43.15,50.17469047229135,,,935.2391357421875,,,927.2786254882812,717.8163452148438,618.8150634765625,547.8148193359375,518.8140258789062,398.8127746582031,359.7847900390625,287.7682189941406,226.66578674316406,163.44430541992188,87.5084228515625,34.30864334106445,-23.694801330566406,-218.9648895263672,,,,-302.79669189453125,-334.5886535644531,
-102.82935871743487,43.15,50.4844107838487,,,936.0628662109375,,,929.5079956054688,716.5632934570312,617.5620727539062,546.561767578125,517.5611572265625,397.5598449707031,358.0840759277344,286.9162292480469,224.4760284423828,161.1526336669922,86.36215209960938,32.57595443725586,-25.427030563354492,-219.2232666015625,,,,-303.1049499511719,-335.3263854980469,
-102.82555110220441,43.15,50.79413109540606,,,929.7920532226562,928.9215698242188,,926.7271728515625,715.9325561523438,616.931396484375,545.9318237304688,516.9312133789062,396.929931640625,357.2355041503906,286.0656433105469,223.38218688964844,160.00845336914062,84.0739517211914,31.701114654541016,-26.301721572875977,-219.35865783691406,,,,-303.2556457519531,-335.6890563964844,
-102.82174348697394,43.15,51.103851406963415,,,925.5177001953125,926.6022338867188,,920.4478149414062,715.2994384765625,616.2982177734375,545.2985229492188,516.2979736328125,396.296630859375,356.3885803222656,284.3695983886719,222.28695678710938,158.86546325683594,82.92940521240234,30.820775985717773,-27.181941986083984,-219.4989471435547,,,,-303.404296875,-336.0486755371094,
-102.81793587174349,43.15,51.413571718520764,,,916.2761840820312,920.5183715820312,,915.0535278320312,714.6633911132812,615.6621704101562,544.6617431640625,515.6611328125,395.6598205566406,355.5429382324219,283.5226135253906,221.19012451171875,157.72055053710938,81.78424072265625,29.93526840209961,-28.067358016967773,-219.64462280273438,,,,-303.55059814453125,-336.4053955078125,
-102.81412825651303,43.15,51.72329203007811,,,,908.6790771484375,,911.3318481445312,714.0240478515625,615.0227661132812,544.02197265625,515.0213012695312,395.0199890136719,354.69744873046875,282.67529296875,220.091796875,155.4279327392578,80.63996887207031,29.04349136352539,-28.95905303955078,-219.79530334472656,,,,-303.8384704589844,-337.11029052734375,
-102.81032064128257,43.15,52.03301234163547,,,,905.5435180664062,,904.7601928710938,712.73291015625,613.7316284179688,542.7320556640625,513.7313842773438,393.7300109863281,353.00469970703125,281.8279113769531,217.89279174804688,154.2807159423828,78.34520721435547,27.23782730102539,-30.76460075378418,-220.11077880859375,,,,-303.9804992675781,-337.45831298828125,
-102.8065130260521,43.15,52.34273265319282,,,,,,901.3802490234375,712.0817260742188,613.0803833007812,542.08056640625,513.0799560546875,393.07855224609375,352.15838623046875,280.13299560546875,216.7891845703125,153.1330108642578,77.19551849365234,26.327411651611328,-31.67496681213379,-220.2764892578125,,,,-304.1214294433594,-337.80419921875,
-102.80270541082164,43.15,52.652452964750175,,,,,,895.2688598632812,711.4263916015625,612.425048828125,541.4248046875,512.4241333007812,392.4226989746094,351.3116149902344,279.2843017578125,215.68333435058594,151.98211669921875,76.04475402832031,25.412111282348633,-32.59022521972656,-220.44686889648438,,,,-304.2610168457031,-338.1479797363281,
-102.79889779559119,43.15,52.96217327630753,,,,,,893.2371215820312,710.7664184570312,611.7650756835938,540.7646484375,511.76397705078125,391.7625427246094,350.4632263183594,278.4333190917969,214.575927734375,150.8297882080078,74.8941879272461,24.490245819091797,-33.512054443359375,-220.62135314941406,,,,-304.4000244140625,-338.48980712890625,
-102.79509018036072,43.15,53.27189358786489,,,,,,897.1840209960938,709.4312744140625,610.4298706054688,539.4300537109375,510.42938232421875,390.42791748046875,348.7601013183594,277.5809326171875,212.3573455810547,148.52154541015625,73.74031829833984,22.62700080871582,-35.375240325927734,-220.9815216064453,,,,-304.6766662597656,-339.1670837402344,
-102.79128256513026,43.15,53.58161389942224,,,,,,901.65185546875,709.6240234375,610.62255859375,539.6227416992188,510.62200927734375,390.6205139160156,348.9975280761719,276.9619445800781,212.3806915283203,148.42422485351562,72.49002838134766,23.521432876586914,-34.480838775634766,-220.14532470703125,,,,-304.1036682128906,-338.9337158203125,
-102.7874749498998,43.15,53.89133421097959,,,922.3765258789062,904.9622802734375,,904.9664916992188,708.944091796875,609.9425659179688,538.9430541992188,509.9422607421875,389.94073486328125,348.1349182128906,276.09759521484375,211.2577362060547,147.2557830810547,71.3200454711914,22.565065383911133,-35.43718719482422,-220.34019470214844,,,,-304.2405700683594,-339.2666015625,
-102.78366733466935,43.15,54.20105452253695,,,924.4269409179688,,,905.8364868164062,708.2583618164062,609.2568359375,538.2567138671875,509.2559509277344,389.25439453125,347.2701416015625,275.2303771972656,210.1320037841797,146.0865020751953,70.1480712890625,21.605384826660156,-36.3968391418457,-220.5388641357422,,,,-304.37762451171875,-339.5984802246094,
-102.77985971943887,43.15,54.5107748340943,,,930.4532470703125,,,906.7930908203125,707.5659790039062,608.5643920898438,537.564208984375,508.5633850097656,388.5617980957031,346.40264892578125,274.360107421875,209.0022735595703,143.7373809814453,68.97435760498047,20.64179801940918,-37.360408782958984,-220.74205017089844,,,,-304.65283203125,-340.25933837890625,
-102.77605210420842,43.15,54.820495145651655,,,939.5535888671875,,,908.9152221679688,706.1610717773438,607.159423828125,536.1597900390625,507.158935546875,387.1573181152344,344.6562194824219,273.4861145019531,206.73719787597656,142.55892944335938,66.62296295166016,18.698884963989258,-39.303279876708984,-221.15638732910156,,,,-304.79144287109375,-340.5885009765625,
-102.77224448897796,43.15,55.13021545720901,,,953.8209838867188,,,910.0611572265625,705.4486083984375,606.4468383789062,535.4470825195312,506.4461669921875,386.4444885253906,343.7762451171875,271.7247619628906,205.60133361816406,141.3792266845703,65.44129180908203,17.71919822692871,-40.2829475402832,-221.3675079345703,,,,-304.9307861328125,-340.91668701171875,
-102.76843687374749,43.15,55.43993576876637,,,956.141357421875,,,911.2700805664062,704.7288818359375,605.72705078125,534.7266845703125,505.7257385253906,385.7240295410156,342.8929443359375,270.8381042480469,204.4619140625,140.19801330566406,64.25712585449219,16.737281799316406,-41.26484298706055,-221.5819091796875,,,,-305.0709533691406,-341.2445068359375,
-102.76462925851703,43.15,55.74965608032372,,,948.9049682617188,,,912.5183715820312,704.001220703125,604.9993286132812,533.999267578125,504.9982604980469,384.99652099609375,342.0055847167969,269.9471130371094,203.31829833984375,137.82273864746094,63.0710563659668,15.751897811889648,-42.25020980834961,-221.7997283935547,,,,-305.3547668457031,-341.8990173339844,
-102.76082164328658,43.15,56.059376391881074,,,964.4226684570312,,,915.1026000976562,702.5228881835938,603.5208129882812,532.5213012695312,503.5201721191406,383.5183410644531,340.2149658203125,269.0506286621094,201.02455139160156,136.6307373046875,60.692752838134766,13.766633033752441,-44.23543930053711,-222.24154663085938,,,,-305.4986267089844,-342.2257995605469,
-102.75701402805612,43.15,56.36909670343843,,,972.820068359375,,,916.4293212890625,701.7725219726562,602.7703247070312,531.7699584960938,502.7687683105469,382.76690673828125,339.3110046386719,267.24102783203125,199.87393188476562,135.437744140625,59.497161865234375,12.767065048217773,-45.234981536865234,-222.46551513671875,,,,-305.643798828125,-342.5523986816406,
-102.75320641282565,43.15,56.67881701499578,,,996.4797973632812,,,917.781494140625,701.013427734375,602.0111083984375,531.0104370117188,502.0091857910156,382.00726318359375,338.4030456542969,266.32861328125,198.71896362304688,134.24285888671875,58.29864501953125,11.766477584838867,-46.23554992675781,-222.6925048828125,,,,-305.7903747558594,-342.8790588378906,
-102.74939879759519,43.15,56.988537326553136,,,996.123046875,,,919.14453125,700.245361328125,601.242919921875,530.2432861328125,501.2419738769531,381.239990234375,337.489990234375,265.41082763671875,197.55967712402344,133.0421600341797,57.098472595214844,10.762665748596191,-47.23934555053711,-222.92218017578125,,,,-305.9386901855469,-343.20574951171875,
-102.74559118236473,43.15,57.29825763811049,,,1020.300048828125,,,922.6497192382812,699.547119140625,600.5441284179688,529.5436401367188,500.54205322265625,380.53985595703125,336.6438293457031,265.4972229003906,196.2801971435547,131.56692504882812,56.842491149902344,10.416346549987793,-47.58570861816406,-222.43307495117188,,,,-305.5276794433594,-343.2748718261719,
-102.74178356713426,43.15,57.60797794966785,,,1006.0464477539062,,,924.0447387695312,698.74755859375,599.744384765625,528.745361328125,499.7436828613281,379.7414245605469,335.7028503417969,264.5573425292969,195.10189819335938,130.3431854248047,54.40097427368164,9.390115737915039,-48.61191940307617,-222.67247009277344,,,,-305.6823425292969,-343.6017150878906,
-102.7379759519038,43.15,57.9176982612252,,,989.7843017578125,,,925.4302368164062,697.939208984375,598.9357299804688,527.93701171875,498.93524169921875,378.9328918457031,334.7547302246094,262.656494140625,193.92059326171875,129.11488342285156,53.17640686035156,8.359479904174805,-49.64253234863281,-222.91336059570312,,,,-305.8389892578125,-343.928955078125,
-102.73416833667335,43.15,58.227418572782554,,,996.1686401367188,,,926.8081665039062,697.1219482421875,598.1181030273438,527.1181640625,498.116455078125,378.11419677734375,333.7995910644531,261.6946105957031,192.7281494140625,127.87635803222656,51.94597244262695,7.324208736419678,-50.67776870727539,-223.1554718017578,,,,-305.9976501464844,-344.25677490234375,
-102.73036072144289,43.15,58.53713888433991,,,987.7511596679688,,,928.1769409179688,696.2957153320312,597.2913818359375,526.2889404296875,497.28680419921875,377.28424072265625,332.83697509765625,260.7259826660156,191.51284790039062,125.16812896728516,50.71142578125,6.289205551147461,-51.71274185180664,-223.3990020751953,,,,-306.3212890625,-344.91424560546875,
-102.72655310621242,43.15,58.84685919589726,,,963.448486328125,,,930.8720703125,694.6092529296875,595.6034545898438,524.6055297851562,495.6029968261719,375.6001892089844,330.8876647949219,259.7505187988281,188.9323272705078,123.725341796875,48.240257263183594,4.213343143463135,-53.78853225708008,-223.8922882080078,,,,-306.487060546875,-345.2438659667969,
-102.72274549098196,43.15,59.156579507454616,,,948.153076171875,,,932.1885986328125,693.7542724609375,594.7474365234375,523.7487182617188,494.7459411621094,374.74298095703125,329.90496826171875,257.7769775390625,187.42417907714844,122.0934066772461,47.00382614135742,3.1707592010498047,-54.83106994628906,-224.1402587890625,,,,-306.6550598144531,-345.5741271972656,
-102.71893787575151,43.15,59.466299819011965,,,952.96533203125,,,933.4857177734375,692.8916015625,593.8833618164062,522.8812255859375,493.878173828125,373.87506103515625,328.9165344238281,256.7791748046875,185.84144592285156,120.38554382324219,45.76191329956055,2.12559175491333,-55.87617111206055,-224.38937377929688,,,,-306.8253479003906,-345.9052734375,
-102.71513026052104,43.15,59.776020130569314,,,963.2835693359375,,,934.7608032226562,692.0211181640625,593.0110473632812,522.0076293945312,493.00421142578125,373.0008850097656,327.92193603515625,255.7752685546875,184.21815490722656,116.9522705078125,44.52037811279297,1.085729718208313,-56.917823791503906,-224.63973999023438,,,,-307.17303466796875,-346.5698547363281,
-102.71132264529058,43.15,60.08574044212667,,,952.457763671875,,,937.2351684570312,690.2542724609375,591.237548828125,520.2415771484375,491.2372741699219,371.2334289550781,325.91033935546875,254.76573181152344,180.9060821533203,115.2288589477539,42.052528381347656,-0.9929775595664978,-58.9962158203125,-225.1446533203125,,,,-307.3511047363281,-346.90325927734375,
-102.70751503006012,43.15,60.39546075368403,,,938.4695434570312,,,932.6522827148438,689.369140625,590.3464965820312,519.3461303710938,490.3411560058594,370.33697509765625,324.90374755859375,252.73194885253906,179.2617645263672,113.51415252685547,40.832763671875,-2.0333478450775146,-60.035037994384766,-225.39801025390625,,,,-307.53155517578125,-347.2374267578125,
-102.70370741482967,43.15,60.705181065241376,,,,,,934.6519165039062,689.2086791992188,590.1725463867188,519.1746215820312,490.168701171875,370.163818359375,324.7046813964844,252.53707885742188,179.36671447753906,113.42311096191406,40.28627014160156,-1.5877227783203125,-59.5950927734375,-224.75396728515625,,,,-307.0174560546875,-346.9902038574219,
-102.6998997995992,43.15,61.01490137679873,,,,,,928.312255859375,688.2965698242188,589.2400512695312,518.2442626953125,489.23736572265625,369.23187255859375,323.65740966796875,251.47930908203125,177.68568420410156,111.68335723876953,39.03549575805664,-2.649880886077881,-60.65176773071289,-225.01258850097656,,,,-307.205078125,-347.32666015625,
-102.69609218436874,43.15,61.32462168835609,,,,,,920.2698364257812,686.5321044921875,587.3668823242188,516.3548583984375,487.3462219238281,367.3398742675781,321.56060791015625,250.41122436523438,174.36276245117188,108.26695251464844,37.800262451171875,-4.737526893615723,-62.73976135253906,-225.53158569335938,,,,-307.587890625,-348.002685546875,
-102.69228456913828,43.15,61.634341999913445,,,,,,918.359375,685.7393798828125,586.412109375,515.4140625,486.40399169921875,366.3973083496094,320.49969482421875,249.33523559570312,172.7511444091797,106.67237854003906,35.444091796875,-5.72886323928833,-63.73153305053711,-225.7923126220703,,,,-307.7830810546875,-348.3420715332031,
-102.68847695390781,43.15,61.944062311470795,,,,,,922.4174194335938,685.2567138671875,585.4989624023438,514.5194702148438,485.5036926269531,365.4944152832031,319.4494323730469,247.0952606201172,171.29930114746094,105.36128234863281,34.500953674316406,-6.639379024505615,-64.64277648925781,-226.05323791503906,,,,-307.9813537597656,-348.6823425292969,
-102.68466933867735,43.15,62.25378262302815,,,,,,925.4838256835938,685.0491333007812,584.8231811523438,513.7373046875,484.7063903808594,364.6889343261719,318.6195068359375,246.27279663085938,170.2642822265625,104.51107025146484,33.87517166137695,-7.409839153289795,-65.41435241699219,-226.31434631347656,,,,-308.182373046875,-349.0234375,
-102.6808617234469,43.15,62.56350293458551,,,,,,930.44189453125,684.76953125,584.48095703125,513.4320678710938,484.4022216796875,364.3858947753906,318.17138671875,246.11380004882812,169.80043029785156,105.11387634277344,33.7742919921875,-7.787838459014893,-65.79227447509766,-226.57571411132812,,,,-308.59185791015625,-349.7083435058594,
-102.67705410821644,43.15,62.87322324614286,,,,,,949.6275024414062,684.1412353515625,584.8128051757812,513.795166015625,484.7845764160156,364.7784118652344,318.4122619628906,246.35430908203125,170.6070556640625,106.072021484375,34.895294189453125,-7.692022800445557,-65.69474792480469,-227.09951782226562,,,,-308.80029296875,-350.0521545410156,
-102.67324649298597,43.15,63.18294355770021,,,973.5250244140625,,,950.453857421875,684.3074340820312,585.1283569335938,514.1175537109375,485.10870361328125,365.1030578613281,318.64105224609375,246.88327026367188,171.3590850830078,107.15949249267578,35.64874267578125,-7.470565319061279,-65.47278594970703,-227.3613739013672,,,,-309.011962890625,-350.396728515625,
-102.66943887775551,43.15,63.49266386925757,,,973.2001342773438,,,951.2407836914062,684.5505981445312,585.4524536132812,514.4503173828125,485.44207763671875,365.43670654296875,318.8808898925781,247.14163208007812,172.1673126220703,108.32525634765625,36.458126068115234,-7.20328950881958,-65.20524597167969,-227.62318420410156,,,,-309.2261962890625,-350.7420654296875,
-102.66563126252505,43.15,63.802384180814926,,,972.5110473632812,,,951.990478515625,684.8372802734375,585.7799072265625,514.7821655273438,485.7751159667969,365.7703857421875,319.1263122558594,247.39987182617188,173.0083465576172,110.75479888916016,37.305145263671875,-6.916691780090332,-64.91847229003906,-227.88494873046875,,,,-309.6619567871094,-351.4353332519531,
-102.6618236472946,43.15,64.11210449237228,,,996.4471435546875,,,953.3756103515625,685.4617919921875,586.4374389648438,515.433837890625,486.42864990234375,366.4249572753906,319.62396240234375,247.65481567382812,174.73712158203125,112.0010757446289,38.16340255737305,-6.329311847686768,-64.33087158203125,-228.40858459472656,,,,-309.88336181640625,-351.78314208984375,
-102.65801603206413,43.15,64.42182480392964,,,996.9381103515625,,,955.084228515625,686.5745849609375,587.555908203125,516.55517578125,487.550537109375,367.5470275878906,320.7177429199219,249.03028869628906,177.50755310058594,115.0451889038086,40.70622634887695,-4.519367694854736,-62.5208740234375,-227.82154846191406,,,,-309.4464111328125,-351.5655517578125,
-102.65420841683367,43.15,64.73154511548698,,,991.5048217773438,,,955.681640625,686.8948974609375,587.8812866210938,516.8792114257812,487.8751220703125,367.8719482421875,320.9651184082031,249.27474975585938,178.3859100341797,116.29529571533203,41.578330993652344,-4.212188243865967,-62.21363830566406,-228.08526611328125,,,,-309.675537109375,-351.9160461425781,
-102.65040080160321,43.15,65.04126542704434,,,1018.1847534179688,,,956.24462890625,687.2064819335938,588.1959228515625,517.1952514648438,488.1916809082031,368.18878173828125,321.2038879394531,249.512451171875,179.2305145263672,117.52229309082031,42.44537353515625,-3.9066381454467773,-61.90803909301758,-228.34837341308594,,,,-309.9071044921875,-352.26715087890625,
-102.64659318637274,43.15,65.3509857386017,,,1028.7557373046875,,,957.2591552734375,687.8074340820312,588.8006591796875,517.8013916015625,488.79852294921875,368.79608154296875,321.6617736816406,249.7429962158203,180.79766845703125,119.82047271728516,43.30747604370117,-3.301121950149536,-61.30244827270508,-228.87318420410156,,,,-310.37847900390625,-352.9708251953125,
-102.64278557114228,43.15,65.66070605015905,,,1025.455078125,,,957.709228515625,688.09619140625,589.0906372070312,518.0899047851562,489.0873107910156,369.08502197265625,321.8807067871094,249.96499633789062,181.45216369628906,120.84734344482422,45.01559829711914,-3.0015668869018555,-61.002864837646484,-229.13482666015625,,,,-310.6175231933594,-353.3237609863281,
-102.63897795591183,43.15,65.9704263617164,,,1012.208984375,,,958.1266479492188,688.3761596679688,589.3714599609375,518.369873046875,489.3675231933594,369.36541748046875,322.09222412109375,250.3881378173828,182.0060272216797,121.8073501586914,45.859474182128906,-2.703834295272827,-60.705108642578125,-229.39596557617188,,,,-310.85858154296875,-353.67718505859375,
-102.63517034068137,43.15,66.28014667327376,,,990.9719848632812,,,958.5119018554688,688.6453247070312,589.6412963867188,518.6412963867188,489.63916015625,369.6371765136719,322.2947692871094,250.58889770507812,182.5357666015625,122.66775512695312,46.69789505004883,-2.407933235168457,-60.40918731689453,-229.65623474121094,,,,-311.10211181640625,-354.0310974121094,
-102.6313627254509,43.15,66.58986698483112,,,997.51318359375,,,958.8629760742188,688.9058837890625,589.9024047851562,518.9039916992188,489.90203857421875,369.9001770019531,322.4901428222656,250.78160095214844,183.0402374267578,124.34615325927734,47.53077697753906,-2.1138689517974854,-60.1151008605957,-229.91587829589844,,,,-311.59661865234375,-354.7398986816406,
-102.62755511022044,43.15,66.89958729638846,,,1011.8977661132812,,,959.4585571289062,689.4007568359375,590.3980712890625,519.397216796875,490.3955993652344,370.3939514160156,322.8589172363281,250.9654083251953,184.0198516845703,125.16614532470703,49.178253173828125,-1.532446026802063,-59.53364944458008,-230.4331817626953,,,,-311.8469543457031,-355.0951232910156,
-102.62374749498998,43.15,67.20930760794582,,,1000.0330810546875,,,959.7103271484375,689.6336669921875,590.6312866210938,519.6300659179688,490.6285705566406,370.62701416015625,323.03106689453125,251.310546875,184.50144958496094,125.98062133789062,49.99214172363281,-1.2445440292358398,-59.245731353759766,-230.69076538085938,,,,-312.09912109375,-355.45068359375,
-102.61993987975951,43.15,67.51902791950316,,,1002.3239135742188,,,959.93310546875,689.8555908203125,590.8533935546875,519.8538208007812,490.85247802734375,370.85101318359375,323.1940002441406,251.4713592529297,184.9785919189453,126.78887176513672,50.8006477355957,-0.9582545757293701,-58.95965576171875,-230.94741821289062,,,,-312.353759765625,-355.80657958984375,
-102.61613226452906,43.15,67.82874823106052,,,1012.421630859375,,,961.1434936523438,690.9282836914062,591.92626953125,520.9248657226562,491.923583984375,371.9221496582031,324.2433166503906,252.52154541015625,186.53675842285156,128.5194549560547,52.53334045410156,0.877269446849823,-57.124900817871094,-230.38909912109375,,,,-312.24542236328125,-355.974365234375,
-102.6123246492986,43.15,68.13846854261787,,,1012.8258056640625,,,961.4226684570312,691.3196411132812,592.3179931640625,521.3191528320312,492.3181457519531,372.31683349609375,324.5220642089844,252.6621856689453,187.4679718017578,130.10009765625,53.32666015625,1.4335769414901733,-56.56760787963867,-230.90164184570312,,,,-312.5090026855469,-356.3323669433594,
-102.60851703406814,43.15,68.44818885417523,,,1009.5408325195312,,,961.5162353515625,691.5013427734375,592.499755859375,521.501220703125,492.5002746582031,372.4990234375,324.6494445800781,252.91806030273438,187.92820739746094,130.88119506835938,54.89695739746094,1.7095527648925781,-56.2916259765625,-231.15672302246094,,,,-312.7745056152344,-356.6903381347656,
-102.60470941883767,43.15,68.75790916573258,,,997.3826904296875,,,961.5816040039062,691.6738891601562,592.6724243164062,521.6722412109375,492.6713562011719,372.6701965332031,324.76898193359375,253.0328369140625,188.38485717773438,131.6565399169922,55.67238235473633,1.983107566833496,-56.018070220947266,-231.41099548339844,,,,-313.0417785644531,-357.04864501953125,
-102.60090180360721,43.15,69.06762947728994,,,1007.2927856445312,,,961.6224975585938,691.8368530273438,592.8355102539062,521.8340454101562,492.833251953125,372.8321228027344,324.88043212890625,253.13980102539062,188.83779907226562,132.42613220214844,56.441192626953125,2.2548584938049316,-55.746315002441406,-231.6643524169922,,,,-313.3105773925781,-357.4071960449219,
-102.59709418837676,43.15,69.3773497888473,,,1010.7017822265625,,,961.6394653320312,691.9879760742188,592.9867553710938,521.9866333007812,492.9859313964844,372.98486328125,324.9815368652344,253.2384490966797,189.28614807128906,133.94622802734375,57.20441436767578,2.5247881412506104,-55.476383209228516,-231.91677856445312,,,,-313.8540954589844,-358.12445068359375,
-102.59328657314629,43.15,69.68707010040464,,,1022.9383544921875,,,961.5979614257812,692.26220703125,593.2611083984375,522.2622680664062,493.2616882324219,373.2607116699219,325.1593933105469,253.32879638671875,190.1721954345703,134.6968994140625,58.713829040527344,3.0588855743408203,-54.94227600097656,-232.41941833496094,,,,-314.12872314453125,-358.4829406738281,
-102.58947895791583,43.15,69.996790411962,,,1035.0916748046875,,,961.5401611328125,692.3856201171875,593.384521484375,522.384033203125,493.383544921875,373.38262939453125,325.236328125,253.4820098876953,190.61004638671875,135.44187927246094,59.45855712890625,3.3225128650665283,-54.678646087646484,-232.66966247558594,,,,-314.40496826171875,-358.8416442871094,
-102.58567134268537,43.15,70.30651072351935,,,1050.383544921875,,,961.4616088867188,692.4991455078125,593.4981079101562,522.4967041015625,493.49627685546875,373.495361328125,325.3046875,253.54661560058594,191.04432678222656,136.18113708496094,60.197021484375,3.584197759628296,-54.41695785522461,-232.9190673828125,,,,-314.6826171875,-359.200439453125,
-102.58186372745492,43.15,70.61623103507671,,,1069.76806640625,,,961.363037109375,692.6010131835938,593.6000366210938,522.6002807617188,493.5998840332031,373.5990295410156,325.36279296875,253.60250854492188,191.47413635253906,137.6400146484375,60.92976379394531,3.8439087867736816,-54.15724182128906,-233.16778564453125,,,,-315.2434387207031,-359.91778564453125,
-102.57805611222444,43.15,70.92595134663406,,,1088.2852783203125,,,961.1015014648438,692.7777709960938,593.77685546875,522.7777099609375,493.77740478515625,373.776611328125,325.455078125,253.650146484375,192.3236541748047,138.36009216308594,62.37803649902344,4.356828689575195,-53.64431381225586,-233.66348266601562,,,,-315.5263977050781,-360.27618408203125,
-102.57424849699399,43.15,71.23567165819142,,,1086.2191162109375,,,960.9404907226562,692.8527221679688,593.8518676757812,522.8511352539062,493.850830078125,373.8500671386719,325.4893493652344,253.71859741210938,192.7433624267578,139.0743865966797,63.0918083190918,4.609607219696045,-53.39152908325195,-233.91053771972656,,,,-315.8108215332031,-360.63470458984375,
-102.57044088176353,43.15,71.54539196974878,,,1069.60595703125,,,961.6683349609375,693.7775268554688,594.7766723632812,523.7779541015625,494.7776794433594,374.7768859863281,326.3984375,254.62887573242188,194.24374389648438,140.69833374023438,64.71704864501953,6.392620086669922,-51.6085319519043,-233.36582946777344,,,,-315.506103515625,-360.4667663574219,
-102.56663326653306,43.15,71.85511228130612,,,1075.837890625,,,961.461669921875,693.83349609375,594.8327026367188,523.8325805664062,494.83233642578125,374.8315734863281,326.4154052734375,254.64207458496094,194.65472412109375,141.39743041992188,65.4167251586914,6.638990879058838,-51.36215591430664,-233.61256408691406,,,,-315.79547119140625,-360.82586669921875,
-102.5628256513026,43.15,72.16483259286348,,,1075.6051025390625,,,961.0020141601562,693.9174194335938,594.9166870117188,523.9165649414062,494.9163818359375,374.9156799316406,326.4245910644531,254.6480255126953,195.46612548828125,142.7783660888672,66.10919189453125,7.125014781951904,-50.87611770629883,-234.10467529296875,,,,-316.3779296875,-361.54388427734375,
-102.55901803607215,43.15,72.47455290442083,,,1056.8297119140625,,,960.7501220703125,693.9456787109375,594.9449462890625,523.9461669921875,494.9460144042969,374.9453125,326.4169006347656,254.6359100341797,195.8660888671875,143.45843505859375,67.47674560546875,7.3646440505981445,-50.6364860534668,-234.35031127929688,,,,-316.6714782714844,-361.9024963378906,
-102.55521042084169,43.15,72.78427321597819,,,1089.800048828125,,,960.4816284179688,693.9658813476562,594.9651489257812,523.966064453125,494.9659729003906,374.96527099609375,326.4020690917969,254.61849975585938,196.2627410888672,144.1322784423828,68.15177154541016,7.601804256439209,-50.39931869506836,-234.5957794189453,,,,-316.9664306640625,-362.2607727050781,
-102.55140280561122,43.15,73.09399352753555,,,1100.9588623046875,,,960.1978759765625,693.9782104492188,594.9774780273438,523.9769897460938,494.9768981933594,374.9762268066406,326.3802490234375,254.59359741210938,196.65606689453125,144.80020141601562,68.81998443603516,7.835780620574951,-50.16533660888672,-234.8411102294922,,,,-317.2626037597656,-362.618896484375,
-102.54759519038076,43.15,73.4037138390929,,,1104.3685302734375,,,959.9015502929688,693.981689453125,594.9810180664062,523.980224609375,494.9801330566406,374.9794616699219,326.35052490234375,254.5619659423828,197.04583740234375,146.11814880371094,69.48106384277344,8.067254066467285,-49.93385696411133,-235.0863494873047,,,,-317.8583679199219,-363.3346252441406,
-102.5437875751503,43.15,73.71343415065026,,,1103.5631103515625,,,959.2727661132812,693.9631958007812,594.9625244140625,523.9636840820312,494.963623046875,374.9629821777344,326.26824951171875,254.52223205566406,197.81341552734375,146.7659912109375,70.78512573242188,8.52239990234375,-49.478702545166016,-235.5771484375,,,,-318.1584167480469,-363.6919860839844,
-102.53997995991983,43.15,74.0231544622076,,,1081.188720703125,,,958.9385986328125,693.94287109375,594.9421997070312,523.942626953125,494.9425964355469,374.94195556640625,326.2171936035156,254.42259216308594,198.1918487548828,147.40762329101562,71.42800903320312,8.7455472946167,-49.25554656982422,-235.8228302001953,,,,-318.45965576171875,-364.0491027832031,
-102.53617234468938,43.15,74.33287477376496,,,1078.173583984375,,,958.5927734375,693.9154663085938,594.914794921875,523.9139404296875,494.9139404296875,374.9132995605469,326.1598205566406,254.36294555664062,198.56675720214844,148.0430450439453,72.06340789794922,8.965312957763672,-49.03577423095703,-236.06878662109375,,,,-318.76202392578125,-364.406005859375,
-102.53236472945892,43.15,74.64259508532231,,,1077.7586669921875,,,958.23681640625,693.8796997070312,594.8790893554688,523.87841796875,494.8784484863281,374.8778076171875,326.0949401855469,254.29718017578125,198.93772888183594,149.29478454589844,72.691650390625,9.182198524475098,-48.818885803222656,-236.315185546875,,,,-319.37005615234375,-365.1190490722656,
-102.52855711422846,43.15,74.95231539687967,,,1074.73095703125,,,957.4960327148438,693.7866821289062,594.7860107421875,523.7869262695312,494.78692626953125,374.7862854003906,325.9458923339844,254.22401428222656,199.66696166992188,149.9089813232422,73.9290771484375,9.606904983520508,-48.394168853759766,-236.80966186523438,,,,-319.676025390625,-365.47509765625,
-102.52474949899799,43.15,75.26203570843703,,,1061.1151123046875,,,957.9078369140625,694.6298217773438,595.629150390625,524.6293334960938,495.62933349609375,375.6286926269531,326.7804870605469,254.98094177246094,201.10401916503906,151.4174346923828,75.437255859375,11.334449768066406,-46.66661834716797,-236.27467346191406,,,,-319.4135437011719,-365.3148498535156,
-102.52094188376753,43.15,75.57175601999437,,,1055.57666015625,,,957.5078125,694.5703735351562,595.5697021484375,524.5704956054688,495.5705261230469,375.5698547363281,326.6945495605469,254.89378356933594,201.45779418945312,152.0171356201172,76.03738403320312,11.538010597229004,-46.46305465698242,-236.52334594726562,,,,-319.72210693359375,-365.67047119140625,
-102.51713426853708,43.15,75.88147633155172,,,1042.2889404296875,,,957.0994262695312,694.5053100585938,595.504638671875,524.5045776367188,495.504638671875,375.50396728515625,326.6036682128906,254.8016815185547,201.80772399902344,152.60943603515625,76.63103485107422,11.738031387329102,-46.26302719116211,-236.77279663085938,,,,-320.0318298339844,-366.0257568359375,
-102.51332665330662,43.15,76.19119664310908,,,1030.38916015625,,,956.2557983398438,694.3577880859375,595.3571166992188,524.3566284179688,495.3566589355469,375.3559875488281,326.4064025878906,254.7049102783203,202.49525451660156,153.7741241455078,77.21747589111328,12.127095222473145,-45.87395095825195,-237.2746124267578,,,,-320.654052734375,-366.7353820800781,
-102.50951903807615,43.15,76.50091695466644,,,1026.8753662109375,,,955.8235473632812,694.2753295898438,595.274658203125,524.275146484375,495.2751770019531,375.2745056152344,326.300048828125,254.603515625,202.83233642578125,154.34629821777344,78.36676788330078,12.31645393371582,-45.68458938598633,-237.5272674560547,,,,-320.96661376953125,-367.0896911621094,
-102.50571142284569,43.15,76.8106372662238,,,1028.5439453125,,,955.3847045898438,694.1882934570312,595.1876220703125,524.1881713867188,495.188232421875,375.1875305175781,326.1896667480469,254.3851776123047,203.16453552246094,154.90980529785156,78.93115997314453,12.502111434936523,-45.49892807006836,-237.78109741210938,,,,-321.2801208496094,-367.4436950683594,
-102.50190380761524,43.15,77.12035757778114,,,1015.911865234375,,,954.9388427734375,694.0967407226562,595.0960693359375,524.0955200195312,495.0955810546875,375.0948791503906,326.0753479003906,254.2700958251953,203.492431640625,155.4657745361328,79.48861694335938,12.683795928955078,-45.317237854003906,-238.0361785888672,,,,-321.5946350097656,-367.7974548339844,
-102.49809619238476,43.15,77.43007788933849,,,1004.3084716796875,,,954.4855346679688,694.0009155273438,595.000244140625,523.9988403320312,494.9988708496094,374.9981689453125,325.9573059082031,254.15174865722656,203.81591796875,156.55638122558594,80.03781127929688,12.861361503601074,-45.13966751098633,-238.2925567626953,,,,-322.2264709472656,-368.5040283203125,
-102.49428857715431,43.15,77.73979820089585,,,1002.8792724609375,,,953.5619506835938,693.7938232421875,594.7930908203125,523.7937622070312,494.7938232421875,374.7930908203125,325.7074890136719,254.02955627441406,204.44723510742188,157.0905303955078,81.11195373535156,13.205147743225098,-44.79587173461914,-238.81056213378906,,,,-322.5437927246094,-368.8568420410156,
-102.49048096192385,43.15,78.0495185124532,,,997.7259521484375,,,953.0921020507812,693.6851806640625,594.6844482421875,523.6847534179688,494.6847839355469,374.6840515136719,325.5782775878906,253.77320861816406,204.75511169433594,157.6153564453125,81.63802337646484,13.370940208435059,-44.63007736206055,-239.0719451904297,,,,-322.862060546875,-369.20947265625,
-102.4866733466934,43.15,78.35923882401056,,,998.5377807617188,,,952.6165161132812,693.5731811523438,594.572509765625,523.5714721679688,494.57147216796875,374.57073974609375,325.4461975097656,253.6409149169922,205.05812072753906,158.13233947753906,82.15663146972656,13.532445907592773,-44.46856689453125,-239.33499145507812,,,,-323.1811828613281,-369.5619201660156,
-102.48286573146292,43.15,78.66895913556792,,,993.0880126953125,,,952.1351318359375,693.4578247070312,594.4571533203125,523.4556884765625,494.4557189941406,374.4549560546875,325.31121826171875,253.50662231445312,205.35601806640625,159.14344787597656,82.66584777832031,13.689523696899414,-44.311485290527344,-239.59982299804688,,,,-323.8225402832031,-370.26593017578125,
-102.47905811623247,43.15,78.97867944712527,,,1015.7188720703125,,,951.8941650390625,694.19140625,595.190673828125,524.1888427734375,495.1888427734375,375.18804931640625,326.02288818359375,254.3549346923828,207.0152130126953,160.53720092773438,84.56188201904297,15.51721477508545,-42.4837760925293,-239.3449249267578,,,,-323.5762634277344,-370.0984191894531,
-102.47525050100201,43.15,79.28839975868262,,,1002.3668823242188,,,951.3963012695312,694.072021484375,595.0712890625,524.0706787109375,495.0706787109375,375.06988525390625,325.8851623535156,254.0853729248047,207.2963104248047,161.02281188964844,85.04692077636719,15.662676811218262,-42.33831024169922,-239.61477661132812,,,,-323.8984680175781,-370.4490661621094,
-102.47144288577154,43.15,79.59812007023997,,,1018.46875,951.0258178710938,,950.8944091796875,693.950439453125,594.9496459960938,523.950439453125,494.9504089355469,374.9496154785156,325.74566650390625,253.94692993164062,207.5719451904297,161.5001678466797,85.52361297607422,15.804197311401367,-42.19678497314453,-239.8865966796875,,,,-324.22149658203125,-370.79931640625,
-102.46763527054108,43.15,79.90784038179733,,,1019.5609741210938,950.74267578125,,950.3880004882812,693.8276977539062,594.8269653320312,523.8272705078125,494.8272705078125,374.8264465332031,325.60546875,253.8070526123047,207.8414306640625,161.9681396484375,85.99237060546875,15.94117259979248,-42.059810638427734,-240.16038513183594,,,,-324.5453796386719,-371.1495666503906,
-102.46382765531062,43.15,80.21756069335468,,,1026.3387451171875,950.1730346679688,,949.3646850585938,693.5776977539062,594.576904296875,523.5750122070312,494.5749816894531,374.5741271972656,325.3216247558594,253.66590881347656,208.36285400390625,162.8778533935547,86.45304107666016,16.201923370361328,-41.79905319213867,-240.71417236328125,,,,-325.19573974609375,-371.84967041015625,
-102.46002004008017,43.15,80.52728100491204,,,1026.738525390625,949.8869018554688,,948.84814453125,693.4490356445312,594.4483032226562,523.4478149414062,494.44775390625,374.4468994140625,325.1767272949219,253.52464294433594,208.613525390625,163.3203887939453,87.3455810546875,16.325944900512695,-41.67502975463867,-240.9949951171875,,,,-325.5225830078125,-372.1993408203125,
-102.4562124248497,43.15,80.8370013164694,,,1036.19384765625,949.6008911132812,,948.3280029296875,693.3193359375,594.3185424804688,523.3195190429688,494.3194885253906,374.318603515625,325.0310363769531,253.23817443847656,208.8581085205078,163.75379943847656,87.77865600585938,16.445945739746094,-41.55502700805664,-241.27801513671875,,,,-325.8503723144531,-372.548828125,
-102.45240480961924,43.15,81.14672162802675,,,1031.158935546875,949.3150024414062,,947.8043212890625,693.18994140625,594.1891479492188,523.1891479492188,494.1891174316406,374.1882019042969,324.8860778808594,253.0937042236328,209.0958251953125,164.17727661132812,88.20330810546875,16.56106948852539,-41.439903259277344,-241.5631561279297,,,,-326.17913818359375,-372.89849853515625,
-102.44859719438878,43.15,81.4564419395841,,,1029.7598876953125,948.740234375,,947.2778930664062,693.0599365234375,594.05908203125,523.0576171875,494.05755615234375,374.056640625,324.7408447265625,252.94891357421875,209.32725524902344,164.9970703125,88.61907196044922,16.67177391052246,-41.32919692993164,-241.85049438476562,,,,-326.83966064453125,-373.5977783203125,
-102.44478957915831,43.15,81.76616225114145,,,1019.9899291992188,948.4517822265625,,946.217041015625,692.7964477539062,593.795654296875,522.7952880859375,493.7952575683594,373.7943115234375,324.4479675292969,252.80532836914062,209.7687225341797,165.39395141601562,89.4203872680664,16.88076400756836,-41.12020492553711,-242.43312072753906,,,,-327.1719055175781,-373.94720458984375,
-102.44098196392785,43.15,82.07588256269881,,,1006.6166381835938,948.16357421875,,945.682373046875,692.6639404296875,593.6631469726562,522.6641845703125,493.6641540527344,373.6632080078125,324.30120849609375,252.51638793945312,209.97886657714844,165.78079223632812,89.80731964111328,16.979265213012695,-41.02170181274414,-242.72821044921875,,,,-327.50531005859375,-374.29669189453125,
-102.4371743486974,43.15,82.38560287425616,,,1009.09130859375,947.875244140625,,945.14501953125,692.5328979492188,593.5320434570312,522.53173828125,493.53167724609375,373.53070068359375,324.1562194824219,252.37210083007812,210.18162536621094,166.1573486328125,90.18539428710938,17.072660446166992,-40.92831039428711,-243.02540588378906,,,,-327.83978271484375,-374.6465148925781,
-102.43336673346694,43.15,82.69532318581352,,,1019.7954711914062,948.1355590820312,,945.3092651367188,693.4630126953125,594.462158203125,523.4627075195312,494.4626159667969,374.4616394042969,325.0875244140625,253.30784606933594,211.4785919189453,167.81385803222656,91.48072814941406,18.712995529174805,-39.28795623779297,-242.5106201171875,,,,-327.9247741699219,-374.8086242675781,
-102.42955911823647,43.15,83.00504349737088,,,1022.3281860351562,947.8413696289062,,944.2203369140625,693.2158203125,594.2149658203125,523.2136840820312,494.2135925292969,374.2126159667969,324.81378173828125,253.17190551757812,211.85235595703125,168.16453552246094,91.8421859741211,18.88506507873535,-39.11589050292969,-243.11160278320312,,,,-328.2608642578125,-375.15704345703125,
-102.42575150300601,43.15,83.31476380892823,,,1012.5658569335938,947.5460815429688,,943.6730346679688,693.0933227539062,594.0924072265625,523.0899658203125,494.0898742675781,374.0888671875,324.67840576171875,252.90338134765625,212.02789306640625,168.5059356689453,92.5353775024414,18.965381622314453,-39.03557205200195,-243.41558837890625,,,,-328.59869384765625,-375.5056457519531,
-102.42194388777556,43.15,83.62448412048558,,,990.7130126953125,947.2501220703125,,943.1239624023438,692.9706420898438,593.9697265625,522.9688110351562,493.9687194824219,373.9676818847656,324.5431823730469,252.7714385986328,212.19497680664062,168.8382568359375,92.86709594726562,19.042226791381836,-38.9587287902832,-243.72247314453125,,,,-328.9381103515625,-375.8544006347656,
-102.41813627254508,43.15,83.93420443204293,,,978.20947265625,946.9542846679688,,942.5731811523438,692.8489990234375,593.8480834960938,522.8487548828125,493.8486633300781,373.8476257324219,324.4091796875,252.64028930664062,212.354736328125,169.15994262695312,93.18904876708984,19.115604400634766,-38.885353088378906,-244.03150939941406,,,,-329.27899169921875,-376.2032775878906,
-102.41432865731463,43.15,84.24392474360029,,,979.0536499023438,946.361572265625,,941.4658813476562,692.612060546875,593.611083984375,522.6094970703125,493.6094055175781,373.6083068847656,324.1483154296875,252.51058959960938,212.6510467529297,169.7727508544922,93.50177764892578,19.249319076538086,-38.751644134521484,-244.65530395507812,,,,-329.9651794433594,-376.9025573730469,
-102.41052104208417,43.15,84.55364505515765,,,988.17138671875,946.0636596679688,,940.9100341796875,692.4954223632812,593.4944458007812,522.4920043945312,493.4919128417969,373.4908142089844,324.0200500488281,252.38243103027344,212.78680419921875,170.06466674804688,94.0958480834961,19.311052322387695,-38.68991470336914,-244.97071838378906,,,,-330.3113098144531,-377.25274658203125,
-102.40671342685371,43.15,84.863365366715,,,1013.301025390625,945.7650756835938,,940.3529052734375,692.3795166015625,593.3785400390625,522.3778076171875,493.377685546875,373.3765563964844,323.89276123046875,252.13302612304688,212.91375732421875,170.34718322753906,94.37755584716797,19.3698787689209,-38.6310920715332,-245.2887725830078,,,,-330.6593017578125,-377.6031799316406,
-102.40290581162324,43.15,85.17308567827236,,,1024.6712646484375,945.4664916992188,,939.7943725585938,692.2652587890625,593.2642822265625,522.26513671875,493.2650146484375,373.2638854980469,323.7673034667969,252.01080322265625,213.03294372558594,170.6182403564453,94.6493911743164,19.425521850585938,-38.57545471191406,-245.60877990722656,,,,-331.0091247558594,-377.9540710449219,
-102.39909819639279,43.15,85.48280598982971,,,1021.9056396484375,944.867431640625,,939.2342529296875,692.1541137695312,593.1531372070312,522.1528930664062,493.15277099609375,373.1516418457031,323.6451721191406,251.8905487060547,213.14390563964844,171.1295623779297,94.9117202758789,19.476608276367188,-38.52437210083008,-245.9303741455078,,,,-331.71429443359375,-378.6578063964844,
-102.39529058116233,43.15,85.79252630138706,,,1027.9925537109375,944.566162109375,,938.11083984375,691.9379272460938,592.9368896484375,521.9345703125,492.9344177246094,372.9332580566406,323.4075622558594,251.77235412597656,213.34030151367188,171.37045288085938,95.40347290039062,19.569894790649414,-38.43109130859375,-246.57948303222656,,,,-332.0707092285156,-379.0104064941406,
-102.39148296593186,43.15,86.10224661294441,,,1023.702880859375,944.26416015625,,937.547607421875,691.8318481445312,592.830810546875,521.8302001953125,492.830078125,372.8288879394531,323.29107666015625,251.5447235107422,213.4248046875,171.60165405273438,95.63371276855469,19.61279296875,-38.38819885253906,-246.9075469970703,,,,-332.4292297363281,-379.3633117675781,
-102.3876753507014,43.15,86.41196692450177,,,990.5577392578125,944.7528076171875,,937.6688232421875,692.8952026367188,593.8941650390625,522.8919677734375,493.8918151855469,373.890625,324.3585510253906,252.61492919921875,214.64718627929688,172.8016357421875,96.83512878417969,21.256406784057617,-36.744564056396484,-246.3766326904297,,,,-332.170166015625,-379.1521301269531,
-102.38386773547094,43.15,86.72168723605913,,,991.5390014648438,944.1398315429688,,937.1029052734375,692.8016967773438,593.8006591796875,522.7991333007812,493.79901123046875,373.7978210449219,324.2549133300781,252.5149383544922,214.7180633544922,173.0164337158203,97.04934692382812,21.298480987548828,-36.70249557495117,-246.70428466796875,,,,-332.5307312011719,-379.5041198730469,
-102.38006012024049,43.15,87.03140754761648,,,988.8389282226562,943.8324584960938,,935.9685668945312,692.6218872070312,593.620849609375,522.6211547851562,493.6210021972656,373.6197509765625,324.0553894042969,252.4174041748047,214.83497619628906,173.41171264648438,97.25326538085938,21.374492645263672,-36.626495361328125,-247.3640899658203,,,,-333.2589111328125,-380.21002197265625,
-102.37625250501002,43.15,87.34112785917382,,,984.61865234375,943.5242919921875,,935.4002075195312,692.5377197265625,593.53662109375,522.53515625,493.5350036621094,373.53375244140625,323.9615783691406,252.23007202148438,214.88052368164062,173.593994140625,97.63011932373047,21.408283233642578,-36.59271240234375,-247.6955108642578,,,,-333.626708984375,-380.5638427734375,
-102.37244488977956,43.15,87.65084817073117,,,969.60888671875,943.2149658203125,,934.8312377929688,692.4552001953125,593.4541015625,522.45166015625,493.4515075683594,373.45025634765625,323.86956787109375,252.14053344726562,214.916015625,173.76612854003906,97.80162048339844,21.439851760864258,-36.5611457824707,-248.02906799316406,,,,-333.9974365234375,-380.918212890625,
-102.3686372745491,43.15,87.96056848228852,,,971.6967163085938,942.9044189453125,,934.26171875,692.3746948242188,593.3735961914062,522.372314453125,493.3721618652344,373.3708801269531,323.77972412109375,252.05453491210938,214.94207763671875,173.92835998535156,97.96311950683594,21.470033645629883,-36.53097152709961,-248.36436462402344,,,,-334.37109375,-381.2731018066406,
-102.36482965931863,43.15,88.27028879384588,,,971.8112182617188,942.2814331054688,,933.6917114257812,692.296875,593.2957153320312,522.2959594726562,493.2957763671875,373.2944641113281,323.6925964355469,251.97122192382812,214.9595184326172,174.21690368652344,98.1141586303711,21.498149871826172,-36.502864837646484,-248.700927734375,,,,-335.1274719238281,-381.9845275878906,
-102.36102204408817,43.15,88.58000910540324,,,977.7200317382812,941.9684448242188,,932.5499877929688,692.1519775390625,593.1508178710938,522.1489868164062,493.1488342285156,373.1474914550781,323.529541015625,251.89068603515625,214.96788024902344,174.34561157226562,98.38397979736328,21.545705795288086,-36.455322265625,-249.37657165527344,,,,-335.5098876953125,-382.3409423828125,
-102.35721442885772,43.15,88.88972941696059,,,985.7098388671875,941.6541748046875,,931.9785766601562,692.083251953125,593.0820922851562,522.0794677734375,493.079345703125,373.0780029296875,323.4519348144531,251.7383270263672,214.95654296875,174.4640350341797,98.50163269042969,21.566625595092773,-36.434410095214844,-249.71673583984375,,,,-335.8951721191406,-382.6977844238281,
-102.35340681362726,43.15,89.19944972851795,,,986.9868774414062,941.3387451171875,,931.4068603515625,692.0170288085938,593.0158081054688,522.0147094726562,493.01458740234375,373.0132141113281,323.3768310546875,251.66714477539062,214.93589782714844,174.57199096679688,98.60894775390625,21.58687973022461,-36.41416549682617,-250.0581512451172,,,,-336.2833251953125,-383.0549621582031,
-102.34959919839679,43.15,89.5091700400753,,,993.1258544921875,940.7052612304688,,930.8348388671875,691.9534301757812,592.9522094726562,521.9525146484375,492.95233154296875,372.9509582519531,323.3044738769531,251.59877014160156,214.93209838867188,174.75100708007812,98.70570373535156,21.60488510131836,-36.39616775512695,-250.4005584716797,,,,-337.0704040527344,-383.7704162597656,
-102.34579158316633,43.15,89.81889035163265,,,997.6068115234375,940.3869018554688,,929.6898193359375,691.8378295898438,592.8366088867188,521.8343505859375,492.8341979980469,372.8327941894531,323.1716003417969,251.53317260742188,215.01708984375,174.8246307373047,98.86537170410156,21.633241653442383,-36.36782455444336,-251.0867919921875,,,,-337.4686584472656,-384.1285400390625,
-102.34198396793587,43.15,90.12861066319,,,992.9898681640625,940.8220825195312,,929.7931518554688,693.0609130859375,594.0596923828125,523.0596923828125,494.0595397949219,374.0581359863281,324.40081787109375,252.70535278320312,216.1396026611328,175.94699096679688,99.98861694335938,23.339820861816406,-34.66122055053711,-250.51254272460938,,,,-337.2134094238281,-383.89154052734375,
-102.3381763527054,43.15,90.43833097474736,,,1007.2627563476562,940.4994506835938,,929.2199096679688,693.01904296875,594.017822265625,523.0164794921875,494.016357421875,374.01495361328125,324.3504943847656,252.6573028564453,216.2033233642578,176.00498962402344,100.04644012451172,23.35784339904785,-34.64320755004883,-250.8529815673828,,,,-337.6156005859375,-384.247802734375,
-102.33436873747495,43.15,90.74805128630472,,,1005.61376953125,939.850341796875,,928.6466064453125,692.9793090820312,593.9780883789062,522.9760131835938,493.97589111328125,373.9744567871094,324.30242919921875,252.61181640625,216.25387573242188,176.0523223876953,100.09284210205078,23.374401092529297,-34.62665557861328,-251.19482421875,,,,-338.0209655761719,-384.6041564941406,
-102.33056112224449,43.15,91.05777159786207,,,1011.5314331054688,939.5240478515625,,927.4999389648438,692.9072875976562,593.9060668945312,522.9055786132812,493.9054870605469,373.90399169921875,324.2137451171875,252.5693359375,216.32229614257812,176.11154174804688,100.12869262695312,23.404481887817383,-34.59659957885742,-251.88082885742188,,,,-338.8426818847656,-385.317138671875,
-102.32675350701403,43.15,91.36749190941943,,,1025.840576171875,939.196533203125,,926.9266357421875,692.8751831054688,593.8739013671875,522.8739013671875,493.873779296875,373.872314453125,324.1733093261719,252.49395751953125,216.34059143066406,176.12353515625,100.1683120727539,23.416128158569336,-34.5849609375,-252.22471618652344,,,,-339.2593078613281,-385.6734313964844,
-102.32294589178356,43.15,91.67721222097678,,,1049.6949462890625,938.8678588867188,,926.353271484375,692.8477172851562,593.846435546875,522.8446655273438,493.8445739746094,373.84307861328125,324.1376037597656,252.46009826660156,216.34814453125,176.12474060058594,100.1688461303711,23.42621612548828,-34.57487869262695,-252.56826782226562,,,,-339.67938232421875,-386.0296325683594,
-102.3191382765531,43.15,91.98693253253413,,,1057.2681884765625,938.5379028320312,,925.7800903320312,692.8214111328125,593.8201293945312,522.8179321289062,493.81781005859375,373.8162841796875,324.1030578613281,252.4281768798828,216.34129333496094,176.11505126953125,100.15804290771484,23.434701919555664,-34.566402435302734,-252.91336059570312,,,,-340.1030578613281,-386.3857116699219,
-102.31533066132265,43.15,92.29665284409148,,,1065.6212158203125,937.8735961914062,,925.20703125,692.7974243164062,593.7960815429688,522.7945556640625,493.7944641113281,373.7929382324219,324.0707702636719,252.39942932128906,216.32347106933594,176.0580596923828,100.13628387451172,23.442392349243164,-34.55872344970703,-253.25892639160156,,,,-340.96258544921875,-387.0974426269531,
-102.31152304609219,43.15,92.60637315564884,,,1064.1064453125,937.5396728515625,,924.0613403320312,692.756103515625,593.7546997070312,522.7546997070312,493.7546081542969,373.7530517578125,324.01287841796875,252.37335205078125,216.25482177734375,176.01145935058594,100.0595932006836,23.450735092163086,-34.5504035949707,-253.95132446289062,,,,-341.3985900878906,-387.4527893066406,
-102.30771543086172,43.15,92.9160934672062,,,1079.5908203125,937.2044677734375,,923.48876953125,692.7407836914062,593.7394409179688,522.7374877929688,493.73736572265625,373.7358093261719,323.9892883300781,252.32740783691406,216.2034149169922,175.95364379882812,100.00060272216797,23.451431274414062,-34.54971694946289,-254.29721069335938,,,,-341.83843994140625,-387.8078308105469,
-102.30390781563126,43.15,93.22581377876355,,,1077.350341796875,936.8677978515625,,922.9164428710938,692.725830078125,593.7244262695312,522.7221069335938,493.7220458984375,373.720458984375,323.9659423828125,252.30645751953125,216.13726806640625,175.88461303710938,99.93024444580078,23.45004653930664,-34.551109313964844,-254.6444854736328,,,,-342.28216552734375,-388.16253662109375,
-102.3001002004008,43.15,93.53553409032091,,,1075.2532958984375,936.1900634765625,,922.3443603515625,692.7125854492188,593.711181640625,522.7100830078125,493.7099914550781,373.7084045410156,323.94427490234375,252.28854370117188,216.0597381591797,175.70628356933594,99.84842681884766,23.44771957397461,-34.55345153808594,-254.99208068847656,,,,-343.1832275390625,-388.8710021972656,
-102.29629258517033,43.15,93.84525440187826,,,1079.09912109375,936.5792236328125,,921.871337890625,694.0990600585938,595.0975952148438,524.0958251953125,495.0957946777344,375.09417724609375,325.3296203613281,253.68643188476562,217.0396728515625,176.77598571777344,100.82237243652344,25.259296417236328,-32.741844177246094,-254.70144653320312,,,,-342.9346618652344,-388.5981750488281,
-102.29248496993988,43.15,94.1549747134356,,,1068.3291015625,936.2354736328125,,921.2999267578125,694.1004638671875,595.0990600585938,524.0980224609375,495.0979919433594,375.09637451171875,325.3225402832031,253.67660522460938,216.93560791015625,176.66465759277344,100.71395874023438,25.259565353393555,-32.74159240722656,-255.04501342773438,,,,-343.3926086425781,-388.9493103027344,
-102.28867735470942,43.15,94.46469502499296,,,1082.2640380859375,935.8904418945312,,920.7288208007812,694.1030883789062,595.1016235351562,524.100830078125,495.1007995605469,375.09918212890625,325.31658935546875,253.67428588867188,216.81997680664062,176.5416259765625,100.59394073486328,25.25600242614746,-32.74516296386719,-255.3888702392578,,,,-343.85430908203125,-389.2994079589844,
-102.28486973947896,43.15,94.77441533655032,,,1078.051025390625,935.1964111328125,,920.1580810546875,694.1074829101562,595.1060180664062,524.1045532226562,495.10455322265625,375.1029052734375,325.31231689453125,253.67282104492188,216.6920928955078,176.40675354003906,100.45791625976562,25.2493839263916,-32.751792907714844,-255.73269653320312,,,,-344.3200988769531,-389.64898681640625,
-102.28106212424849,43.15,95.08413564810768,,,1073.706298828125,934.8470458984375,,919.0177612304688,694.1000366210938,595.1158447265625,524.1141967773438,495.1142578125,375.1125793457031,325.3043518066406,253.67091369628906,216.39341735839844,176.0997772216797,100.30990600585938,25.226106643676758,-32.77509307861328,-256.421875,,,,-345.2643127441406,-390.3466491699219,
-102.27725450901804,43.15,95.39385595966503,,,1066.2412109375,934.4962158203125,,918.4481811523438,693.9378051757812,595.1212158203125,524.1203002929688,495.120361328125,375.11865234375,325.3006896972656,253.66905212402344,216.2259063720703,175.9243621826172,99.97760772705078,25.208383560180664,-32.7928352355957,-256.7668151855469,,,,-345.74444580078125,-390.695068359375,
-102.27344689378758,43.15,95.70357627122239,,,1058.9019775390625,934.14404296875,,917.8789672851562,693.5572509765625,595.126708984375,524.125732421875,495.1258239746094,375.1241149902344,325.29693603515625,253.66812133789062,216.0460968017578,175.73648071289062,99.79240417480469,25.185361862182617,-32.81586456298828,-257.1120300292969,,,,-346.2284851074219,-391.04241943359375,
-102.26963927855711,43.15,96.01329658277974,,,1064.9569091796875,933.79052734375,,917.3102416992188,692.980712890625,595.132568359375,524.130859375,495.1309814453125,375.1292419433594,325.29345703125,253.66708374023438,215.85263061523438,175.5360107421875,99.59073638916016,25.157672882080078,-32.843563079833984,-257.45721435546875,,,,-346.7167663574219,-391.3892517089844,
-102.26583166332665,43.15,96.32301689433709,,,1070.2188720703125,933.0789794921875,,916.741943359375,692.3973999023438,595.1370849609375,524.135498046875,495.1355895996094,375.1338806152344,325.2883605957031,253.66360473632812,215.643310546875,175.09483337402344,99.37626647949219,25.124996185302734,-32.876251220703125,-257.8030090332031,,,,-347.70660400390625,-392.08135986328125,
-102.2620240480962,43.15,96.63273720589444,,,1061.138671875,932.7208862304688,,915.6065673828125,691.2149658203125,595.14306640625,524.1422119140625,495.1423645019531,375.1405944824219,325.2745056152344,253.6591796875,215.18594360351562,174.8510284423828,98.9087142944336,25.041873931884766,-32.95941162109375,-258.49530029296875,,,,-348.20941162109375,-392.4266662597656,
-102.25821643286574,43.15,96.9424575174518,,,1046.935546875,932.3613891601562,,915.03955078125,690.6153564453125,595.1439819335938,524.142822265625,495.1429748535156,375.1412048339844,325.2652282714844,253.64735412597656,214.9375762939453,174.59385681152344,98.65372467041016,24.98944854736328,-33.011844635009766,-258.841796875,,,,-348.71600341796875,-392.7709655761719,
-102.25440881763527,43.15,97.25217782900916,,,1036.3194580078125,932.0005493164062,,914.4729614257812,690.0093994140625,595.143310546875,524.1414794921875,495.1416931152344,375.139892578125,325.25408935546875,253.63829040527344,214.67385864257812,174.32325744628906,98.38176727294922,24.93012809753418,-33.0711784362793,-259.1883544921875,,,,-349.2267150878906,-393.1146545410156,
-102.25060120240481,43.15,97.56189814056651,,,1028.2916259765625,931.984375,,914.5744018554688,692.0318603515625,596.6830444335938,525.6812744140625,496.6815185546875,376.6797790527344,326.8012390136719,255.18836975097656,215.7201385498047,175.082275390625,99.4295654296875,26.85931396484375,-31.141942977905273,-258.4901123046875,,,,-349.4817810058594,-393.1427001953125,
-102.24679358717435,43.15,97.87161845212387,,,1027.453857421875,931.6180419921875,,913.443603515625,690.8095703125,596.6876831054688,525.6868286132812,496.6871337890625,376.68536376953125,326.7838134765625,255.1843719482422,215.14540100097656,174.78250122070312,98.8404769897461,26.72844123840332,-31.2728328704834,-259.1765441894531,,,,-349.9989318847656,-393.4822082519531,
-102.24298597194388,43.15,98.18133876368123,,,1030.7274169921875,931.2501220703125,,912.8789672851562,690.1867065429688,596.684814453125,525.6846923828125,496.6850280761719,376.6832275390625,326.7694091796875,255.16014099121094,214.83572387695312,174.46559143066406,98.52495574951172,26.64988136291504,-31.351404190063477,-259.5201110839844,,,,-350.52069091796875,-393.8212890625,
-102.23917835671342,43.15,98.49105907523857,,,1044.3487548828125,930.8804931640625,,912.3147583007812,689.555908203125,596.677978515625,525.6767578125,496.6771240234375,376.6753234863281,326.75067138671875,255.1427001953125,214.51193237304688,174.13221740722656,98.1952133178711,26.55801773071289,-31.443294525146484,-259.86407470703125,,,,-351.0476989746094,-394.1599426269531,
-102.23537074148297,43.15,98.80077938679592,,,1050.7530517578125,930.1370849609375,,911.7509765625,688.9168090820312,596.6668090820312,525.664794921875,496.6651611328125,376.663330078125,326.72723388671875,255.1202392578125,214.173828125,173.7843475341797,97.84965515136719,26.455856323242188,-31.545467376708984,-260.2083435058594,,,,-351.5777587890625,-394.4975280761719,
-102.23156312625251,43.15,99.11049969835328,,,1058.606689453125,929.7633056640625,,910.625,687.60693359375,596.626220703125,525.6255493164062,496.6260070800781,376.6241760253906,326.6608581542969,255.09234619140625,213.44589233398438,173.04510498046875,97.48577117919922,26.21761703491211,-31.78373146057129,-260.8984375,,,,-352.6482238769531,-395.1705627441406,
-102.22775551102204,43.15,99.42022000991064,,,1067.2335205078125,929.3878784179688,,910.062744140625,686.93701171875,596.5971069335938,525.5973510742188,496.5978088378906,376.595947265625,326.61810302734375,255.05567932128906,213.05845642089844,172.64895629882812,96.71329498291016,26.080015182495117,-31.921361923217773,-261.2439270019531,,,,-353.1897888183594,-395.5063781738281,
-102.22394789579158,43.15,99.72994032146799,,,1037.541015625,929.0108642578125,,909.5009155273438,686.2570190429688,596.5616455078125,525.560546875,496.56103515625,376.5591735839844,326.56854248046875,254.96237182617188,212.65594482421875,172.23622131347656,96.30455017089844,25.92486572265625,-32.0765266418457,-261.58978271484375,,,,-353.73583984375,-395.8416748046875,
-102.22014028056113,43.15,100.03966063302535,,,1029.7310791015625,928.6324462890625,,908.9395751953125,685.5665283203125,596.5194091796875,525.51708984375,496.5176086425781,376.5157470703125,326.51177978515625,254.90509033203125,212.23822021484375,171.8081512451172,95.87796020507812,25.75594711303711,-32.245460510253906,-261.93603515625,,,,-354.2842712402344,-396.17578125,
-102.21633266533065,43.15,100.3493809445827,,,1028.9459228515625,927.8713989257812,,908.378662109375,684.8623657226562,596.4680786132812,525.46630859375,496.46685791015625,376.4649963378906,326.4452819824219,254.83973693847656,211.80133056640625,170.90634155273438,95.4329605102539,25.57244300842285,-32.42898178100586,-262.28302001953125,,,,-355.3903503417969,-396.84210205078125,
-102.2125250501002,43.15,100.65910125614005,,,1033.3919677734375,927.4884643554688,,907.2583618164062,683.4168090820312,596.340087890625,525.3404541015625,496.341064453125,376.33917236328125,326.28509521484375,254.76239013671875,210.877685546875,170.42662048339844,94.4961929321289,25.158184051513672,-32.843292236328125,-262.97772216796875,,,,-355.9493713378906,-397.17449951171875,
-102.20871743486974,43.15,100.9688215676974,,,1043.14990234375,927.10400390625,,906.6987915039062,682.6758422851562,596.2632446289062,525.2621459960938,496.2627868652344,376.2608642578125,326.1913146972656,254.58042907714844,210.39236450195312,169.93072509765625,94.00457000732422,24.921594619750977,-33.079898834228516,-263.32568359375,,,,-356.5119934082031,-397.5063171386719,
-102.20490981963928,43.15,101.27854187925476,,,1049.1796875,926.7181396484375,,906.1397094726562,681.9223022460938,596.1774291992188,525.1746826171875,496.1753234863281,376.17340087890625,326.087890625,254.47471618652344,209.89132690429688,169.41909790039062,93.49339294433594,24.667749404907227,-33.333763122558594,-263.6740417480469,,,,-357.0762634277344,-397.8370056152344,
-102.20110220440881,43.15,101.58826219081212,,,1045.3607177734375,926.6358032226562,,906.247314453125,683.9845581054688,597.7718505859375,526.7710571289062,497.77178955078125,377.7699279785156,327.68572998046875,256.07318115234375,210.93093872070312,169.93055725097656,94.5345687866211,26.59986114501953,-31.401569366455078,-262.9212646484375,,,,-357.327880859375,-397.8100280761719,
-102.19729458917836,43.15,101.89798250236947,,,1046.25146484375,926.2446899414062,,905.1312866210938,682.4236450195312,597.5597534179688,526.5576171875,497.55841064453125,377.5565185546875,327.4350891113281,255.95164489746094,209.87315368652344,169.3854217529297,94.00604248046875,26.015409469604492,-31.986064910888672,-263.6139831542969,,,,-357.8929443359375,-398.13690185546875,
-102.1934869739479,43.15,102.20770281392683,,,1050.3233642578125,925.8522338867188,,904.573974609375,681.618408203125,597.434814453125,526.4344482421875,497.43524169921875,377.433349609375,327.2895812988281,255.6693878173828,209.31695556640625,168.82461547851562,92.89679718017578,25.693607330322266,-32.307891845703125,-263.9610595703125,,,,-358.46038818359375,-398.4632263183594,
-102.18967935871743,43.15,102.51742312548419,,,1054.572265625,925.4583129882812,,904.0169677734375,680.7982788085938,597.2984008789062,526.2991943359375,497.2999572753906,377.2980651855469,327.1317443847656,255.50827026367188,208.74522399902344,168.2427520751953,92.31859588623047,25.350324630737305,-32.65121841430664,-264.3084716796875,,,,-359.03155517578125,-398.7891540527344,
-102.18587174348697,43.15,102.82714343704153,,,1054.1837158203125,925.0626220703125,,903.4603271484375,679.9632568359375,597.150390625,526.1497802734375,497.15057373046875,377.148681640625,326.96148681640625,255.33389282226562,208.15780639648438,167.64508056640625,91.72477722167969,24.982133865356445,-33.01942825317383,-264.65631103515625,,,,-359.6055908203125,-399.1145324707031,
-102.18206412825651,43.15,103.13686374859887,,,1056.88427734375,924.2672729492188,,902.3480834960938,678.244384765625,596.8165283203125,525.8142700195312,496.8150939941406,376.81317138671875,326.5805358886719,255.146240234375,206.93138122558594,166.4036102294922,91.111572265625,24.18084144592285,-33.82078170776367,-265.3538818359375,,,,-360.75799560546875,-399.7628173828125,
-102.17825651302606,43.15,103.44658406015623,,,1060.213134765625,923.8675537109375,,901.79248046875,677.3588256835938,596.6289672851562,525.6286010742188,496.62939453125,376.62744140625,326.3678283691406,254.94508361816406,206.2924346923828,165.75965881347656,89.83661651611328,23.74882698059082,-34.25282669067383,-265.70318603515625,,,,-361.33685302734375,-400.08599853515625,
-102.17444889779559,43.15,103.75630437171358,,,1055.5888671875,923.46630859375,,901.2372436523438,676.4578857421875,596.4292602539062,525.4298095703125,496.4306335449219,376.4286804199219,326.1420593261719,254.49888610839844,205.6385955810547,165.0961151123047,89.17674255371094,23.294218063354492,-34.707481384277344,-266.0528259277344,,,,-361.9192199707031,-400.4088439941406,
-102.17064128256513,43.15,104.06602468327094,,,1059.2913818359375,923.0634765625,,900.6822509765625,675.541748046875,596.217529296875,525.2169189453125,496.21771240234375,376.2157287597656,325.9033508300781,254.25474548339844,204.97000122070312,164.4180450439453,88.502197265625,22.815082550048828,-35.186641693115234,-266.4028625488281,,,,-362.50372314453125,-400.7311096191406,
-102.16683366733467,43.15,104.3757449948283,,,1059.8009033203125,922.2537841796875,,900.1275024414062,674.610595703125,595.9938354492188,524.9912719726562,495.9920654296875,375.9900817871094,325.65179443359375,253.99729919433594,204.28688049316406,163.019287109375,87.80892944335938,22.313968658447266,-35.68778991699219,-266.75323486328125,,,,-363.6756286621094,-401.373291015625,
-102.16302605210421,43.15,104.68546530638564,,,1059.4053955078125,921.8468627929688,,899.0188598632812,672.6954345703125,595.50537109375,524.5048828125,495.5056457519531,375.5036315917969,325.1041564941406,253.72630310058594,202.8681182861328,162.29795837402344,86.37950134277344,21.251455307006836,-36.750370025634766,-267.4555969238281,,,,-364.2637634277344,-401.69354248046875,
-102.15921843687374,43.15,104.995185617943,,,1070.9205322265625,921.4384765625,,898.4649047851562,671.71533203125,595.2431030273438,524.2435302734375,495.2442626953125,375.2422180175781,324.8108215332031,253.1440887451172,202.1385498046875,161.55967712402344,85.64450073242188,20.689132690429688,-37.312740325927734,-267.8069763183594,,,,-364.85528564453125,-402.013427734375,
-102.15541082164329,43.15,105.30490592950035,,,1059.583984375,921.7097778320312,,898.5768432617188,673.638671875,596.7036743164062,525.7020874023438,496.702880859375,376.700927734375,326.261474609375,254.5861358642578,203.1608428955078,162.5838623046875,86.6656494140625,22.362709045410156,-35.63908004760742,-267.0223693847656,,,,-364.46514892578125,-401.6273193359375,
-102.15160320641283,43.15,105.6146262410577,,,1056.5584716796875,920.884521484375,,898.0233154296875,672.6294555664062,596.415771484375,525.4153442382812,496.4161376953125,376.41412353515625,325.9400939941406,254.26080322265625,202.41517639160156,161.06317138671875,85.91482543945312,21.75766944885254,-36.244163513183594,-267.3721618652344,,,,-365.6415100097656,-402.2619934082031,
-102.14779559118236,43.15,105.92434655261506,,,1060.584228515625,920.4697265625,,896.9166870117188,670.5698852539062,595.8076171875,524.8062133789062,495.80694580078125,375.804931640625,325.26202392578125,253.9229278564453,200.88552856445312,160.2842254638672,85.1512222290039,20.487590789794922,-37.514305114746094,-268.0724792480469,,,,-366.23175048828125,-402.57861328125,
-102.1439879759519,43.15,106.23406686417242,,,1064.81103515625,920.0535888671875,,896.3635864257812,669.5177001953125,595.4873046875,524.4851684570312,495.4858703613281,375.48382568359375,324.90521240234375,253.20916748046875,200.0974884033203,159.49317932128906,83.57872009277344,19.825000762939453,-38.17692947387695,-268.42340087890625,,,,-366.8220520019531,-402.8945007324219,
-102.14018036072144,43.15,106.54378717572978,,,1065.5872802734375,919.6361694335938,,895.8106689453125,668.4527587890625,595.1563110351562,524.154541015625,495.1551818847656,375.15313720703125,324.5366516113281,252.835693359375,199.2978515625,158.68896484375,82.77462768554688,19.1463565826416,-38.85560607910156,-268.77423095703125,,,,-367.41363525390625,-403.2099914550781,
-102.13637274549099,43.15,106.85350748728712,,,1067.31201171875,919.2174072265625,,895.2577514648438,667.3751831054688,594.8150024414062,523.8143310546875,494.8149719238281,374.8128967285156,324.15673828125,252.45240783691406,198.4868621826172,157.87046813964844,81.95899963378906,18.45168685913086,-39.55031204223633,-269.1249694824219,,,,-368.00811767578125,-403.5251770019531,
-102.13256513026052,43.15,107.16322779884447,,,1066.802001953125,918.3753662109375,,894.1521606445312,665.18505859375,594.10693359375,523.105712890625,494.1062927246094,374.10418701171875,323.36871337890625,252.05848693847656,196.830322265625,156.2001190185547,81.13182830810547,17.01532554626465,-40.98672866821289,-269.8266906738281,,,,-369.2001647949219,-404.15423583984375,
-102.12875751503006,43.15,107.47294811040183,,,1064.4110107421875,917.952392578125,,893.5994262695312,664.0728149414062,593.7409057617188,522.7385864257812,493.7391357421875,373.7370300292969,322.96136474609375,251.65414428710938,195.9814910888672,155.34854125976562,79.4369125366211,16.27606773376465,-41.726016998291016,-270.1778259277344,,,,-369.79669189453125,-404.46795654296875,
-102.1249498997996,43.15,107.78266842195919,,,1054.1845703125,917.5281982421875,,893.0466918945312,662.9492797851562,593.3661499023438,522.3642578125,493.3647766113281,373.3626403808594,322.54437255859375,250.820556640625,195.12234497070312,154.48431396484375,78.57355499267578,15.524862289428711,-42.47724914550781,-270.5286560058594,,,,-370.3945007324219,-404.78131103515625,
-102.12114228456913,43.15,108.09238873351654,,,1054.1201171875,917.1026611328125,,892.4939575195312,661.8157348632812,592.9839477539062,521.983154296875,492.983642578125,372.9814758300781,322.1190185546875,250.3925018310547,194.25294494628906,153.6078338623047,77.69969940185547,14.762216567993164,-43.23992156982422,-270.87921142578125,,,,-370.99462890625,-405.0943298339844,
-102.11733466933867,43.15,108.4021090450739,,,1057.0574951171875,916.2471313476562,,891.9412231445312,660.6732788085938,592.5955200195312,521.5953369140625,492.59576416015625,372.5935974121094,321.6866455078125,249.95606994628906,193.37327575683594,151.82427978515625,76.81460571289062,13.98844051361084,-44.01371383666992,-271.2296447753906,,,,-372.1971740722656,-405.7190856933594,
-102.11352705410822,43.15,108.71182935663126,,,1058.8612060546875,915.8175048828125,,890.8355102539062,658.3622436523438,591.8018798828125,520.7994995117188,491.79986572265625,371.79766845703125,320.8030090332031,249.5122833251953,191.5779571533203,150.9176025390625,75.00867462158203,12.408312797546387,-45.59388732910156,-271.9300842285156,,,,-372.798828125,-406.0307922363281,
-102.10971943887776,43.15,109.0215496681886,,,1058.4224853515625,915.3865966796875,,890.2825317382812,657.1935424804688,591.3958740234375,520.3939208984375,491.394287109375,371.39208984375,320.3507995605469,248.60809326171875,190.66505432128906,149.99879455566406,74.09149932861328,11.605757713317871,-46.39646530151367,-272.2796630859375,,,,-373.4017639160156,-406.34210205078125,
-102.10591182364729,43.15,109.33126997974595,,,1056.9459228515625,915.6229248046875,,890.393798828125,658.9080200195312,592.6463623046875,521.6447143554688,492.64508056640625,372.6429443359375,321.56829833984375,249.81796264648438,191.676513671875,151.01181030273438,75.10281372070312,12.953483581542969,-45.048675537109375,-271.4736328125,,,,-372.9302062988281,-405.9380187988281,
-102.10210420841683,43.15,109.64099029130331,,,1053.5234375,914.7532958984375,,889.8404541015625,657.7234497070312,592.2271728515625,521.2244873046875,492.2248229980469,372.2226867675781,321.1010437011719,249.346923828125,190.7565460205078,150.08746337890625,74.17982482910156,12.128945350646973,-45.873233795166016,-271.8215026855469,,,,-373.529052734375,-406.248291015625,
-102.09829659318638,43.15,109.95071060286067,,,1048.599365234375,914.3164672851562,,888.7333374023438,655.3333740234375,591.3748168945312,520.3743286132812,491.3746337890625,371.3724670410156,320.150390625,248.87181091308594,188.8966064453125,148.2135467529297,73.24903106689453,10.46335220336914,-47.53886032104492,-272.5153503417969,,,,-374.7314147949219,-406.8677673339844,
-102.0944889779559,43.15,110.26043091441802,,,1049.3026123046875,913.8782348632812,,888.1795043945312,654.1300048828125,590.9443359375,519.943603515625,490.9438781738281,370.9416809082031,319.66998291015625,247.9088134765625,187.9547119140625,147.26687622070312,71.3603744506836,9.62165641784668,-48.38056945800781,-272.8615417480469,,,,-375.3337097167969,-407.177001953125,
-102.09068136272545,43.15,110.57015122597538,,,1048.38232421875,913.4388427734375,,887.62548828125,652.9213256835938,590.5115966796875,519.509765625,490.510009765625,370.5078430175781,319.1869812011719,247.42239379882812,187.00360107421875,146.3140869140625,70.40699768066406,8.775134086608887,-49.227108001708984,-273.2072448730469,,,,-375.93585205078125,-407.48583984375,
-102.08687374749499,43.15,110.87987153753274,,,1041.619140625,912.9982299804688,,887.0711669921875,651.7077026367188,590.0762329101562,519.07373046875,490.07391357421875,370.07171630859375,318.7008056640625,246.93374633789062,186.0474090576172,145.35301208496094,69.44827270507812,7.924959659576416,-50.07729721069336,-273.5522155761719,,,,-376.5389404296875,-407.7942810058594,
-102.08306613226453,43.15,111.18959184909008,,,1039.864990234375,912.1131591796875,,886.5166625976562,650.4889526367188,589.6378173828125,518.6363525390625,489.6365051269531,369.6343078613281,318.21099853515625,246.44284057617188,185.08837890625,143.4185333251953,68.4847183227539,7.07217264175415,-50.930091857910156,-273.896240234375,,,,-377.7485656738281,-408.4098815917969,
-102.07925851703406,43.15,111.49931216064743,,,1040.4180908203125,911.6686401367188,,885.4068603515625,648.0396728515625,588.7567138671875,517.7557983398438,488.7559509277344,368.7537536621094,317.2260437011719,245.9496612548828,183.15647888183594,142.44668579101562,66.5402603149414,5.357501029968262,-52.6447868347168,-274.5821228027344,,,,-378.3542175292969,-408.717041015625,
-102.0754509018036,43.15,111.80903247220479,,,1045.6484375,911.222900390625,,884.8515625,646.8095703125,588.31494140625,517.31298828125,488.3131103515625,368.3109130859375,316.73187255859375,244.9571533203125,182.1829071044922,141.47222900390625,65.56521606445312,4.496290683746338,-53.50600814819336,-274.9238586425781,,,,-378.95947265625,-409.0238342285156,
-102.07164328657315,43.15,112.11875278376215,,,1045.8355712890625,910.7760009765625,,884.2959594726562,645.5759887695312,587.8717041015625,516.869384765625,487.8694763183594,367.86724853515625,316.2359619140625,244.45974731445312,181.20870971679688,140.492919921875,64.58834838867188,3.6336166858673096,-54.368690490722656,-275.26458740234375,,,,-379.56573486328125,-409.330078125,
-102.06783567134268,43.15,112.4284730953195,,,1041.052978515625,909.8783569335938,,883.7400512695312,644.339111328125,587.42724609375,516.4258422851562,487.4259033203125,367.4237060546875,315.73834228515625,243.9615020751953,180.2356414794922,138.53794860839844,63.6102294921875,2.770378589630127,-55.231937408447266,-275.60418701171875,,,,-380.7806091308594,-409.94097900390625,
-102.06402805611222,43.15,112.73819340687686,,,1037.3880615234375,909.4276123046875,,882.6272583007812,641.857666015625,586.5377197265625,515.53662109375,486.5366516113281,366.534423828125,314.74188232421875,243.46221923828125,178.28746032714844,137.56219482421875,61.64884567260742,1.0402854681015015,-56.96182632446289,-276.2804260253906,,,,-381.38848876953125,-410.24566650390625,
-102.06022044088176,43.15,113.04791371843422,,,1037.7454833984375,909.6337280273438,,882.7302856445312,643.4668579101562,587.677001953125,516.6760864257812,487.6761169433594,367.6739501953125,315.83050537109375,244.0463104248047,179.45028686523438,138.7292938232422,62.81833267211914,2.244396448135376,-55.757503509521484,-275.455078125,,,,-380.8529052734375,-409.84014892578125,
-102.05641282565131,43.15,113.35763402999156,,,1034.8751220703125,909.1798706054688,,882.172607421875,642.2197265625,587.2288208007812,516.2279663085938,487.22802734375,367.225830078125,315.3276062011719,243.54200744628906,178.492919921875,137.7707061767578,61.8532829284668,1.376326084136963,-56.625892639160156,-275.78961181640625,,,,-381.4573974609375,-410.1444091796875,
-102.05260521042084,43.15,113.66735434154891,,1032.430908203125,1031.6904296875,908.2687377929688,,881.6145629882812,640.9708251953125,586.7813720703125,515.77978515625,486.7798156738281,366.77764892578125,314.8254089355469,243.03857421875,177.53590393066406,136.81375122070312,60.89023971557617,0.5080634355545044,-57.49422073364258,-276.12298583984375,,,,-382.0618591308594,-410.4481506347656,
-102.04879759519038,43.15,113.97707465310627,,,1026.9002685546875,907.8114624023438,,880.4974365234375,638.4684448242188,585.8878784179688,514.8862915039062,485.8862609863281,365.88409423828125,313.82177734375,242.53585815429688,175.635498046875,134.91078186035156,59.92923355102539,-1.2259697914123535,-59.227882385253906,-276.7858581542969,,,,-383.2719421386719,-411.0535583496094,
-102.04498997995992,43.15,114.28679496466363,,1027.2247314453125,1025.651123046875,907.3529663085938,,879.9383544921875,637.21533203125,585.4420166015625,514.4411010742188,485.4410400390625,365.4388732910156,313.3205871582031,241.5325469970703,174.6982879638672,133.9840087890625,58.007354736328125,-2.0911076068878174,-60.09302520751953,-277.1152038574219,,,,-383.8774719238281,-411.3552551269531,
-102.04118236472945,43.15,114.59651527622098,,1029.7208251953125,1025.63232421875,906.8931274414062,,879.3787231445312,635.961181640625,584.9976806640625,513.9966430664062,484.99658203125,364.9944152832031,312.8209228515625,241.03176879882812,173.77767944335938,133.0670623779297,57.046592712402344,-2.954850912094116,-60.95709228515625,-277.4432067871094,,,,-384.4831237792969,-411.6562805175781,
-102.037374749499,43.15,114.90623558777834,,1029.131591796875,1025.7705078125,906.4321899414062,,878.8187255859375,634.7061767578125,584.5546875,513.5530395507812,484.552978515625,364.55078125,312.3226013183594,240.5329132080078,172.8662567138672,132.15499877929688,56.0965576171875,-3.8176095485687256,-61.81983947753906,-277.76983642578125,,,,-385.08843994140625,-411.9566955566406,
-102.03356713426854,43.15,115.2159558993357,,1028.062255859375,1025.6702880859375,905.5067749023438,,878.2583618164062,633.7091064453125,584.1128540039062,513.11083984375,484.11077880859375,364.1086120605469,311.8253479003906,240.03529357910156,171.9308319091797,130.3370819091797,55.1718635559082,-4.678701400756836,-62.68091583251953,-278.0951232910156,,,,-386.2997741699219,-412.5546875,
-102.02975951903808,43.15,115.52567621089304,,1027.2962646484375,1025.5501708984375,905.0422973632812,,877.1365356445312,632.2333374023438,583.2326049804688,512.231689453125,483.2315673828125,363.2293701171875,310.83380126953125,239.5389862060547,170.37109375,129.74484252929688,53.2120246887207,-6.395249366760254,-64.3974380493164,-278.74066162109375,,,,-386.905517578125,-412.8524169921875,
-102.02595190380761,43.15,115.8353965224504,,1027.808837890625,1025.2261962890625,904.5765380859375,,875.5282592773438,468.0154724121094,406.571044921875,322.09906005859375,300.0981750488281,179.74002075195312,124.06550598144531,72.32645416259766,,,-6.591527462005615,-74.745361328125,-128.12277221679688,-305.1465759277344,,,,-387.5111389160156,-413.1492919921875,
-102.02214428857715,43.15,116.14511683400775,,1027.3438720703125,1025.099853515625,889.1647338867188,,874.9677124023438,466.96954345703125,405.61151123046875,320.9505310058594,298.94964599609375,178.6763458251953,122.8816909790039,71.38013458251953,,14.867040634155273,-7.089914798736572,-74.96246337890625,-128.28652954101562,-305.0351867675781,,,,-354.6083679199219,-431.67486572265625,
-102.0183366733467,43.15,116.45483714556511,,1026.255859375,1025.1612548828125,888.1722412109375,,874.4149169921875,465.9229736328125,404.65130615234375,319.8023681640625,297.801513671875,177.61282348632812,121.69772338867188,70.43457794189453,,13.090754508972168,-7.586826801300049,-75.17851257324219,-128.44898986816406,-304.9218444824219,,,,-354.57830810546875,-431.1997375488281,
-102.01452905811622,43.15,116.76455745712246,,,1022.594482421875,887.6751098632812,,873.2329711914062,463.8284606933594,402.7294616699219,317.5101623535156,295.5093688964844,175.48875427246094,119.33201599121094,69.4884262084961,,12.2037992477417,-8.57675838470459,-75.6072769165039,-128.7691650390625,-304.6885070800781,,,,-354.553955078125,-430.95281982421875,
-102.01072144288577,43.15,117.07427776867982,,,1020.7520141601562,887.8667602539062,,873.3426513671875,462.56695556640625,401.3075256347656,315.92669677734375,293.9259338378906,173.9386444091797,117.74346923828125,67.26781463623047,,11.189507484436035,-8.773177146911621,-75.51445770263672,-128.61595153808594,-304.21295166015625,,,,-354.3359069824219,-430.6800537109375,
-102.00691382765531,43.15,117.38399808023718,,,1015.1979370117188,887.3679809570312,,872.7339477539062,461.529052734375,400.3558044433594,314.7898864746094,292.78912353515625,172.8844757080078,116.56820678710938,66.328369140625,,10.309907913208008,-9.2611083984375,-75.72391510009766,-128.7710723876953,-304.09027099609375,,,,-354.2942199707031,-430.4156494140625,
-102.00310621242485,43.15,117.69371839179452,,,1018.671142578125,886.3685302734375,,872.1315307617188,460.4917297363281,399.4046325683594,313.65216064453125,291.65142822265625,171.82925415039062,115.39147186279297,65.3891830444336,,9.431886672973633,-9.747401237487793,-75.93212890625,-128.92498779296875,-303.965576171875,,,,-354.2456359863281,-430.14434814453125,
-101.99929859719438,43.15,118.00343870335188,,,1021.6436157226562,885.8681030273438,,870.93310546875,458.4222717285156,397.5072326660156,311.3783874511719,289.377685546875,169.71957397460938,113.03797912597656,64.45033264160156,,7.678440570831299,-10.231515884399414,-76.3436279296875,-129.22882080078125,-303.7104187011719,,,,-354.1304626464844,-429.5838623046875,
-101.99549098196393,43.15,118.31315901490923,,,1021.7565307617188,885.3671875,,870.3345947265625,457.3874816894531,396.558349609375,310.24371337890625,288.2430419921875,168.66636657714844,111.86225891113281,63.5134162902832,,6.802505970001221,-11.194175720214844,-76.54750061035156,-129.3783721923828,-303.5796813964844,,,,-354.0652160644531,-429.2960510253906,
-101.99168336673347,43.15,118.62287932646659,,,1018.5910034179688,884.8657836914062,,869.736328125,456.353759765625,395.6104736328125,309.1109313964844,287.11029052734375,167.6146240234375,110.68699645996094,61.6395149230957,,5.927608966827393,-11.673005104064941,-76.75003051757812,-129.52627563476562,-303.4468078613281,,,,-353.99493408203125,-429.0032043457031,
-101.98787575150301,43.15,118.93259963802393,,,1015.6784057617188,884.3637084960938,,869.1384887695312,455.32147216796875,394.6639099121094,307.9778137207031,285.9771728515625,166.56239318847656,109.51200103759766,60.70302963256836,,5.054900646209717,-12.150038719177246,-76.95111846923828,-129.6728515625,-303.3118591308594,,,,-353.9179992675781,-428.7037353515625,
-101.98406813627254,43.15,119.24231994958127,,,1014.3994140625,883.358154296875,,868.54052734375,454.2919616699219,393.7200012207031,306.84576416015625,284.8451232910156,165.5108184814453,108.33889770507812,59.76736831665039,,3.3126797676086426,-12.624622344970703,-77.15035247802734,-129.81797790527344,-303.1749572753906,,,,-353.7494812011719,-428.0903015136719,
-101.98026052104208,43.15,119.55204026113863,,,1014.6869506835938,882.854736328125,,867.3408813476562,452.23419189453125,391.8331604003906,304.5866394042969,282.5860595703125,163.4115447998047,105.99232482910156,58.83415603637695,,2.443047523498535,-13.568011283874512,-77.5447006225586,-130.1034393310547,-302.8950500488281,,,,-353.6589050292969,-427.7773742675781,
-101.97645290581163,43.15,119.86176057269599,,,1015.5482788085938,882.3508911132812,,866.738525390625,451.20709228515625,390.891357421875,303.4601135253906,281.4595642089844,162.3642578125,104.81991577148438,56.96845626831055,,1.5747995376586914,-14.036942481994629,-77.7397232055664,-130.2436065673828,-302.7518310546875,,,,-353.56414794921875,-427.4603271484375,
-101.97264529058116,43.15,120.17148088425334,,,1014.3612060546875,881.8463134765625,,866.1343383789062,450.18206787109375,389.95147705078125,302.3338928222656,280.3333435058594,161.31700134277344,103.64888763427734,56.03680419921875,,0.7092926502227783,-14.503941535949707,-77.93313598632812,-130.3822784423828,-302.60650634765625,,,,-353.4632568359375,-427.1371765136719,
-101.9688376753507,43.15,120.4812011958107,,,1013.7742919921875,880.8361206054688,,865.5275268554688,449.1600036621094,389.0143737792969,301.209228515625,279.2087097167969,160.2709197998047,102.48003387451172,55.106605529785156,,-1.0178933143615723,-14.968241691589355,-78.12467193603516,-130.51942443847656,-302.4592590332031,,,,-353.2512512207031,-426.4809265136719,
-101.96503006012024,43.15,120.79092150736805,,,1013.3764038085938,880.3303833007812,,864.3030395507812,447.1185607910156,387.1424560546875,298.966552734375,276.9660339355469,158.18405151367188,100.1431655883789,54.1789665222168,,-1.8794809579849243,-15.890901565551758,-78.50331115722656,-130.78858947753906,-302.158447265625,,,,-353.1406555175781,-426.1483459472656,
-101.96122244488978,43.15,121.10064181892541,,,1012.1146240234375,880.50244140625,,864.4314575195312,445.99908447265625,385.8557434082031,297.5205993652344,275.5201110839844,156.75503540039062,98.68011474609375,52.099266052246094,,-2.7821075916290283,-16.019729614257812,-78.36538696289062,-130.5902557373047,-301.6374816894531,,,,-352.7454528808594,-425.6964416503906,
-101.95741482965931,43.15,121.41036213048275,,,1014.4000244140625,879.9951171875,,863.8095092773438,444.99078369140625,384.93121337890625,296.4105224609375,274.4100646972656,155.7211151123047,97.52140045166016,51.18172073364258,,-3.634427309036255,-16.47356414794922,-78.54938507080078,-130.71961975097656,-301.4812927246094,,,,-352.62005615234375,-425.3490905761719,
-101.95360721442886,43.15,121.72008244204011,,1015.3511352539062,1014.4251708984375,878.9791259765625,,863.1830444335938,443.984375,384.0084533691406,295.3037109375,273.3032531738281,154.68984985351562,96.36396026611328,50.26500701904297,,-4.484966278076172,-16.92535400390625,-78.7318344116211,-130.846923828125,-301.3226623535156,,,,-352.4921569824219,-424.9993591308594,
-101.9497995991984,43.15,122.02980275359747,,,1011.540283203125,878.470458984375,,861.9153442382812,441.9792785644531,382.1698913574219,293.09405517578125,271.0936279296875,152.630126953125,94.05439758300781,49.34979248046875,,-6.178788661956787,-17.37508201599121,-79.0916519165039,-131.09669494628906,-300.999267578125,,,,-352.2273864746094,-424.29119873046875,
-101.94599198396793,43.15,122.33952306515482,,,1010.557373046875,877.9613647460938,,861.2744140625,440.9803771972656,381.2538146972656,291.99237060546875,269.9919738769531,151.6027374267578,92.90198516845703,48.436134338378906,,-7.022968769073486,-18.267230987548828,-79.26883697509766,-131.21913146972656,-300.8346252441406,,,,-352.09320068359375,-423.935546875,
-101.94218436873747,43.15,122.64924337671218,,,1006.180419921875,877.4519653320312,,860.6298828125,439.9834899902344,380.33953857421875,290.8934326171875,268.8930358886719,150.57757568359375,91.75083923339844,46.61577224731445,,-7.865123271942139,-18.709918975830078,-79.44441223144531,-131.33975219726562,-300.6678771972656,,,,-351.9579162597656,-423.57891845703125,
-101.93837675350701,43.15,122.95896368826953,,,1003.942138671875,876.9421997070312,,859.982421875,438.9889831542969,379.4273376464844,289.7977294921875,267.7973327636719,149.55499267578125,90.601318359375,45.707767486572266,,-8.705204963684082,-19.150463104248047,-79.61836242675781,-131.4583282470703,-300.4987487792969,,,,-351.8218994140625,-423.2216491699219,
-101.93456913827656,43.15,123.26868399982689,,,1002.8338012695312,875.9212646484375,,859.3319702148438,437.9969482421875,378.517333984375,288.70361328125,266.7032165527344,148.53358459472656,89.4534683227539,44.80158615112305,,-10.377097129821777,-19.58884620666504,-79.79068756103516,-131.5751953125,-300.3275451660156,,,,-351.547119140625,-422.5047912597656,
-101.93076152304609,43.15,123.57840431138423,,,1003.8617553710938,875.4103393554688,,858.0245971679688,436.0234680175781,376.7066650390625,286.5226745605469,264.5223083496094,146.49658203125,87.16527557373047,43.897281646728516,,-11.209859848022461,-20.45790672302246,-80.12934875488281,-131.80384826660156,-299.97918701171875,,,,-351.41156005859375,-422.1484680175781,
-101.92695390781563,43.15,123.88812462294159,,,999.2781372070312,874.8990478515625,,857.3697509765625,435.040283203125,375.8044128417969,285.43682861328125,263.43646240234375,145.48184204101562,86.02348327636719,42.09675216674805,,-12.04031753540039,-20.888940811157227,-80.29612731933594,-131.91537475585938,-299.80181884765625,,,,-351.27716064453125,-421.7934265136719,
-101.92314629258517,43.15,124.19784493449895,,,998.5571899414062,874.3873901367188,,856.7144775390625,434.05987548828125,374.9045715332031,284.3541259765625,262.3537902832031,144.46963500976562,84.88363647460938,41.199153900146484,,-12.868427276611328,-21.31774139404297,-80.46121215820312,-132.0248565673828,-299.62213134765625,,,,-351.1442565917969,-421.4400939941406,
-101.9193386773547,43.15,124.5075652460563,,,1003.42529296875,873.3628540039062,,856.0587158203125,433.0823974609375,374.00732421875,283.27362060546875,261.2733154296875,143.45912170410156,83.74583435058594,40.303688049316406,,-14.515372276306152,-21.744300842285156,-80.62459564208984,-132.13255310058594,-299.44036865234375,,,,-350.8838806152344,-420.7393493652344,
-101.91553106212424,43.15,124.81728555761366,,1010.4696655273438,1005.5551147460938,872.8501586914062,,854.74853515625,431.1394348144531,372.2231750488281,281.1209411621094,259.1206359863281,141.44479370117188,81.47872924804688,39.410400390625,,-15.335247039794922,-22.589336395263672,-80.94513702392578,-132.3426971435547,-299.0708923339844,,,,-350.7597351074219,-420.39532470703125,
-101.91172344689379,43.15,125.12700586917101,,1011.7608642578125,1008.7302856445312,873.0017700195312,,854.8002319335938,430.17694091796875,371.0775146484375,279.81817626953125,257.8179016113281,140.14002990722656,80.14203643798828,37.49570083618164,,-16.122404098510742,-22.65257453918457,-80.7628402709961,-132.09970092773438,-298.50732421875,,,,-350.22467041015625,-419.803955078125,
-101.90791583166333,43.15,125.43672618072837,,,1003.2081298828125,872.487548828125,,854.1452026367188,429.2206115722656,370.19873046875,278.7557678222656,256.7554626464844,139.14456176757812,79.0197982788086,36.61585998535156,,-16.93183135986328,-23.067148208618164,-80.91744232177734,-132.1990509033203,-298.3167419433594,,,,-350.0995178222656,-419.45928955078125,
-101.90410821643286,43.15,125.74644649228571,,1009.7794189453125,1006.9837036132812,871.4581298828125,,853.4918212890625,428.2674865722656,369.3226318359375,277.6962890625,255.69601440429688,138.15145874023438,77.8997573852539,35.739017486572266,,-17.738615036010742,-23.47933578491211,-81.07029724121094,-132.296630859375,-298.12420654296875,,,,-349.9793395996094,-419.1197814941406,
-101.9003006012024,43.15,126.05616680384307,,1017.0250854492188,1007.2501831054688,870.9429321289062,,852.1907958984375,426.37139892578125,367.5791015625,275.5888366699219,253.58859252929688,136.17457580566406,75.66670227050781,34.86448669433594,,-19.344030380249023,-23.88920783996582,-81.37074279785156,-132.48526000976562,-297.7320251464844,,,,-349.7557067871094,-418.45819091796875,
-101.89649298597195,43.15,126.36588711540043,,1017.0460815429688,1006.8572387695312,870.4274291992188,,851.5427856445312,425.42950439453125,366.7125549316406,274.5397644042969,252.5395050048828,135.1898651123047,74.55449676513672,33.992462158203125,,-20.141429901123047,-24.701929092407227,-81.51807403564453,-132.57679748535156,-297.53289794921875,,,,-349.6546936035156,-418.1385803222656,
-101.89268537074148,43.15,126.67560742695778,,1008.8790893554688,1000.4459838867188,869.91162109375,,850.8974609375,424.4915466308594,365.8492736816406,273.493896484375,251.49366760253906,134.207763671875,73.44493865966797,32.25675582885742,,-20.936168670654297,-25.10401153564453,-81.66328430175781,-132.66653442382812,-297.33184814453125,,,,-349.5618591308594,-417.82745361328125,
-101.88887775551102,43.15,126.98532773851514,,,996.6738891601562,869.3956298828125,,850.2544555664062,423.5572509765625,364.9891052246094,272.451416015625,250.451171875,133.2283935546875,72.33795166015625,31.393516540527344,,-21.728002548217773,-25.50371742248535,-81.80671691894531,-132.7544708251953,-297.12884521484375,,,,-349.4765625,-417.5240783691406,
-101.88507014028056,43.15,127.2950480500725,,,997.3355102539062,868.3627319335938,,849.6135864257812,422.62677001953125,364.132080078125,271.41363525390625,249.4134063720703,132.25286865234375,71.23357391357422,30.53301239013672,,-23.302507400512695,-25.90103530883789,-81.94833374023438,-132.83993530273438,-296.9232482910156,,,,-349.3298645019531,-416.9420166015625,
-101.8812625250501,43.15,127.60476836162985,,,1001.0732421875,867.8458862304688,,848.3385620117188,420.77850341796875,362.4287414550781,269.34796142578125,247.3477325439453,130.30975341796875,69.03372955322266,29.675302505493164,,-24.08419418334961,-26.68830680847168,-82.22576904296875,-133.0052032470703,-296.5060119628906,,,,-349.271728515625,-416.6666564941406,
-101.87745490981963,43.15,127.9144886731872,,1005.2291870117188,1004.5038452148438,867.3287963867188,,847.705322265625,419.8611755371094,361.58270263671875,268.3204040527344,246.3201904296875,129.34251403808594,67.93848419189453,27.96925163269043,,-24.86286163330078,-27.077590942382812,-82.3613052368164,-133.08505249023438,-296.2944641113281,,,,-349.2229919433594,-416.4010314941406,
-101.87364729458918,43.15,128.22420898474456,,1005.4423217773438,1003.6922607421875,866.8115234375,,847.074462890625,418.9479675292969,360.7400817871094,267.2968444824219,245.296630859375,128.37850952148438,66.8460922241211,27.121274948120117,,-25.638368606567383,-27.46445083618164,-82.4950180053711,-133.1629180908203,-296.0809020996094,,,,-349.1833190917969,-416.14471435546875,
-101.86983967935872,43.15,128.53392929630192,,1006.0535888671875,1003.268310546875,865.7762451171875,,846.446044921875,418.0389099121094,359.9009094238281,266.27801513671875,244.27780151367188,127.41834259033203,65.75659942626953,26.276325225830078,,-27.17922019958496,-27.848888397216797,-82.62689971923828,-133.2384033203125,-295.8648376464844,,,,-349.1318054199219,-415.6607971191406,
-101.86603206412825,43.15,128.84364960785928,,1006.480224609375,1002.825927734375,865.2582397460938,,845.1966552734375,416.23516845703125,358.234375,264.2514343261719,242.25123596191406,125.50702667236328,63.587554931640625,25.434452056884766,,-27.943803787231445,-28.230899810791016,-82.88470458984375,-133.38365173339844,-295.42681884765625,,,,-349.123046875,-415.4363708496094,
-101.86222444889779,43.15,129.1533699194166,,1006.396728515625,1000.94091796875,865.3876342773438,,845.24658203125,415.44781494140625,357.2381591796875,263.0962829589844,241.09609985351562,124.3287124633789,62.382362365722656,23.704219818115234,,,-28.796001434326172,-82.65693664550781,-133.0956268310547,-294.8227844238281,,,,-348.6129150390625,-414.87353515625,
-101.85841683366733,43.15,129.46309023097396,,1002.8668212890625,998.2302856445312,864.8681640625,,844.6270751953125,414.56390380859375,356.4198303222656,262.09893798828125,240.0987548828125,123.3863296508789,61.31056594848633,22.87767791748047,,,-29.548940658569336,-82.78012084960938,-133.1622772216797,-294.5981140136719,,,,-348.62103271484375,-414.6665954589844,
-101.85460921843688,43.15,129.77281054253132,,,994.674560546875,864.3484497070312,,844.0108642578125,413.686279296875,355.60662841796875,261.1055603027344,239.10537719726562,122.44715881347656,60.24309539794922,22.054290771484375,,,-30.297746658325195,-82.90086364746094,-133.22702026367188,-294.37152099609375,,,,-348.6393737792969,-414.4702453613281,
-101.8508016032064,43.15,130.08253085408867,,,993.5944213867188,863.3085327148438,,842.7861938476562,411.9451904296875,353.99169921875,259.1317138671875,237.13153076171875,120.57931518554688,58.1178092956543,21.23540496826172,,,-31.042531967163086,-83.13676452636719,-133.35035705566406,-293.9122009277344,,,,-348.7036437988281,-414.1060485839844,
-101.84699398797595,43.15,130.39225116564603,,,996.4718017578125,862.7883911132812,,842.1776123046875,411.0818786621094,353.1900634765625,258.15203857421875,236.15187072753906,119.65130615234375,57.060089111328125,20.420000076293945,,,-32.52141189575195,-83.2519302368164,-133.40870666503906,-293.67926025390625,,,,-348.7491455078125,-413.9377746582031,
-101.84318637274549,43.15,130.7019714772034,,998.5221557617188,996.14306640625,862.2679443359375,,841.57177734375,410.22369384765625,352.39251708984375,257.1766052246094,235.1764373779297,118.72673797607422,56.00584411621094,18.799549102783203,,,-33.255428314208984,-83.36507415771484,-133.4651641845703,-293.4444274902344,,,,-348.8057861328125,-413.7810363769531,
-101.83937875751502,43.15,131.01169178876074,,,994.4136352539062,861.7474365234375,,840.9691162109375,409.3720703125,351.60028076171875,256.2054443359375,234.20529174804688,117.80565643310547,54.956092834472656,17.99462127685547,,,-33.984779357910156,-83.47586059570312,-133.5196990966797,-293.2077331542969,,,,-348.87078857421875,-413.63299560546875,
-101.83557114228456,43.15,131.3214121003181,,,990.3602905273438,860.7059326171875,,840.3690185546875,408.5256042480469,350.8121643066406,255.23861694335938,233.23846435546875,116.88810729980469,53.90982437133789,17.194543838500977,,,-34.71004104614258,-83.58477020263672,-133.57232666015625,-292.96917724609375,,,,-349.02392578125,-413.3609619140625,
-101.83176352705411,43.15,131.63113241187546,,,991.9253540039062,860.18505859375,,839.1763916015625,406.84832763671875,349.2483825683594,253.32093811035156,231.32078552246094,115.0660171508789,51.82791519165039,16.398136138916016,,,-36.14912033081055,-83.79698944091797,-133.67059326171875,-292.4853515625,,,,-349.11163330078125,-413.236572265625,
-101.82795591182365,43.15,131.9408527234328,,,990.8995971679688,859.6640014648438,,838.5840454101562,406.0182189941406,348.4732666015625,252.3690948486328,230.3689422607422,114.16069030761719,50.79274368286133,14.816515922546387,,,-36.862884521484375,-83.9000473022461,-133.71678161621094,-292.2406005859375,,,,-349.2082824707031,-413.12152099609375,
-101.82414829659318,43.15,132.25057303499017,,,987.42431640625,859.142822265625,,837.9948120117188,405.1949768066406,347.70361328125,251.42184448242188,229.42169189453125,113.25910949707031,49.76219940185547,14.031657218933105,,,-37.571372985839844,-84.0008316040039,-133.7610626220703,-291.99407958984375,,,,-349.3114013671875,-413.01324462890625,
-101.82034068136272,43.15,132.56029334654752,,,989.872802734375,858.1002807617188,,837.4080810546875,404.3773498535156,346.9383850097656,250.4792022705078,228.4790496826172,112.36128234863281,48.735416412353516,13.251788139343262,,,-38.275760650634766,-84.09974670410156,-133.80340576171875,-291.7456970214844,,,,-349.53564453125,-412.81573486328125,
-101.81653306613227,43.15,132.87001365810488,,992.7532348632812,992.8546142578125,857.5789184570312,,836.241943359375,402.75933837890625,345.421630859375,248.61199951171875,226.6118621826172,110.57948303222656,46.693302154541016,12.475866317749023,,,-38.976097106933594,-84.2919692993164,-133.88107299804688,-291.24237060546875,,,,-349.65655517578125,-412.7262268066406,
-101.81272545090181,43.15,133.17973396966224,,994.773193359375,990.9356689453125,857.68408203125,,836.3104858398438,402.1649169921875,344.5827941894531,247.61082458496094,225.6106719970703,109.5329360961914,45.62400817871094,10.950482368469238,,,-40.209144592285156,-84.01766204833984,-133.5465850830078,-290.59930419921875,,,,-349.28875732421875,-412.3120422363281,
-101.80891783567134,43.15,133.48945428121957,,995.0169677734375,990.0479736328125,857.1613159179688,,835.7327880859375,401.3779296875,343.8419494628906,246.69493103027344,224.6947784423828,108.6563949584961,44.617862701416016,10.192070960998535,,,-40.89251708984375,-84.1077880859375,-133.57928466796875,-290.3423156738281,,,,-349.4219665527344,-412.23565673828125,
-101.80511022044088,43.15,133.79917459277692,,991.654296875,989.6317749023438,856.6384887695312,,835.1576538085938,400.59661865234375,343.1054382324219,245.78395080566406,223.78404235839844,107.78373718261719,43.61551284790039,9.437773704528809,,,-41.57170486450195,-84.19599151611328,-133.61007690429688,-290.08355712890625,,,,-349.56060791015625,-412.1650695800781,
-101.80130260521042,43.15,134.10889490433428,,995.2200317382812,989.2346801757812,855.5924072265625,,834.015869140625,399.0564270019531,341.64996337890625,243.97698974609375,221.97686767578125,106.05347442626953,41.62579345703125,8.687495231628418,,,-42.246097564697266,-84.36575317382812,-133.6658935546875,-289.5608215332031,,,,-349.8520202636719,-412.0390930175781,
-101.79749498997995,43.15,134.41861521589163,,995.8076171875,988.8558959960938,855.0693359375,,833.448486328125,398.2959289550781,340.9296569824219,243.0817108154297,221.08157348632812,105.19476318359375,40.637298583984375,7.942528247833252,,,-43.579872131347656,-84.44778442382812,-133.6906280517578,-289.29656982421875,,,,-350.00360107421875,-411.98248291015625,
-101.7936873747495,43.15,134.728335527449,,998.1102905273438,988.1743774414062,854.5464477539062,,832.8834838867188,397.5417175292969,340.2142333984375,242.19288635253906,220.1927490234375,104.34027862548828,39.652992248535156,6.466628074645996,,,-44.24016571044922,-84.52796173095703,-133.71310424804688,-289.0303649902344,,,,-350.158935546875,-411.9299621582031,
-101.78987975951904,43.15,135.03805583900632,,988.979248046875,987.8643188476562,854.0234985351562,,832.3211059570312,396.793701171875,339.5035095214844,241.3092803955078,219.3091583251953,103.48997497558594,38.67278289794922,5.735229015350342,,,-44.89601516723633,-84.6062240600586,-133.7336883544922,-288.7624816894531,,,,-350.3183288574219,-411.8819274902344,
-101.78607214428858,43.15,135.34777615056367,,991.4608764648438,987.5736694335938,852.9773559570312,,831.761474609375,396.05450439453125,338.7996520996094,240.43096923828125,218.43084716796875,102.64551544189453,37.69842529296875,5.008133411407471,,,-45.546504974365234,-84.68209838867188,-133.7523651123047,-288.4929504394531,,,,-350.647216796875,-411.7969970703125,
-101.78226452905811,43.15,135.65749646212103,,994.6721801757812,987.3011474609375,852.454345703125,,830.6490478515625,394.59625244140625,337.4074401855469,238.69140625,216.6912841796875,100.97000885009766,35.76304626464844,4.2869672775268555,,,-46.83223342895508,-84.82826232910156,-133.78359985351562,-287.948486328125,,,,-350.81591796875,-411.75933837890625,
-101.77845691382765,43.15,135.9672167736784,,995.18701171875,987.0543212890625,851.931640625,,830.09619140625,393.877197265625,336.7190246582031,237.8312530517578,215.83114624023438,100.13894653320312,34.802005767822266,2.858919620513916,,,-47.468143463134766,-84.89859008789062,-133.79592895507812,-287.6734619140625,,,,-350.9873352050781,-411.7247619628906,
-101.7746492985972,43.15,136.27693708523574,,998.0752563476562,986.6060180664062,851.4087524414062,,829.5459594726562,393.1650085449219,336.03582763671875,236.97665405273438,214.97654724121094,99.31255340576172,33.84556198120117,2.1518399715423584,,,-48.099327087402344,-84.96695709228516,-133.80638122558594,-287.3968505859375,,,,-351.1617431640625,-411.6935729980469,
-101.77084168336673,43.15,136.5866573967931,,996.4910278320312,986.3968505859375,850.3632202148438,,828.9982299804688,392.4620666503906,335.3597717285156,236.12762451171875,214.1275177001953,98.49222564697266,32.89521026611328,1.4493727684020996,,,-48.72462463378906,-85.03298950195312,-133.81495666503906,-287.1186218261719,,,,-351.5177001953125,-411.63946533203125,
-101.76703406813627,43.15,136.89637770835046,,993.7345581054688,986.1947021484375,849.8405151367188,,827.9093627929688,391.0773010253906,334.0231018066406,234.447998046875,212.44790649414062,96.86557006835938,31.00844955444336,0.7534120082855225,,,-49.344608306884766,-85.15959930419922,-133.82594299316406,-286.55706787109375,,,,-351.69873046875,-411.61602783203125,
-101.76322645290581,43.15,137.2060980199078,,991.7723999023438,986.0021362304688,849.3182983398438,,827.3681030273438,390.3962707519531,333.3642272949219,233.6181182861328,211.61802673339844,96.05937957763672,30.072223663330078,-0.6237017512321472,,,-50.56971740722656,-85.22018432617188,-133.82823181152344,-286.2736511230469,,,,-351.8817138671875,-411.5948791503906,
-101.75941883767536,43.15,137.51581833146517,,993.0194702148438,984.8523559570312,849.396240234375,,827.4542846679688,390.0235900878906,332.69830322265625,232.7867431640625,210.7866668701172,95.15518188476562,29.1497859954834,-1.2245168685913086,,,-50.966819763183594,-84.89594268798828,-133.4430694580078,-285.5909118652344,,,,-351.61126708984375,-411.28607177734375,
-101.75561122244488,43.15,137.82553864302253,,996.0381469726562,984.69580078125,848.87255859375,,826.9163208007812,389.3637390136719,332.0560302734375,231.97344970703125,209.97337341308594,94.36255645751953,28.227325439453125,-1.8961286544799805,,,-51.563167572021484,-84.9515609741211,-133.4403076171875,-285.3035583496094,,,,-351.7991638183594,-411.2707824707031,
-101.75180360721443,43.15,138.13525895457988,,995.7689819335938,984.5278930664062,847.8253173828125,,825.8475952148438,388.0675048828125,330.7884521484375,230.36474609375,208.36468505859375,92.79290771484375,26.397899627685547,-2.562790870666504,,,-52.15443801879883,-85.05696868896484,-133.4291534423828,-284.72430419921875,,,,-352.1799621582031,-411.2464599609375,
-101.74799599198397,43.15,138.44497926613724,,995.8475341796875,984.343017578125,847.3018188476562,,825.3163452148438,387.43255615234375,330.1630859375,229.56942749023438,207.56936645507812,92.01660919189453,25.49174690246582,-3.224437713623047,,,-53.319889068603516,-85.1065902709961,-133.42076110839844,-284.43243408203125,,,,-352.37261962890625,-411.2371826171875,
-101.7441883767535,43.15,138.7546995776946,,995.1746826171875,983.9188232421875,846.7784423828125,,824.7871704101562,386.8052062988281,329.5435791015625,228.78045654296875,206.7803955078125,91.24526977539062,24.590543746948242,-4.52998161315918,,,-53.89426803588867,-85.1544189453125,-133.41041564941406,-284.1390380859375,,,,-352.56658935546875,-411.2295837402344,
-101.74038076152304,43.15,139.06441988925195,,,983.024169921875,846.255615234375,,824.2598876953125,386.18548583984375,328.93170166015625,227.99929809570312,205.99925231933594,90.47893524169922,23.69434928894043,-5.174555778503418,,,-54.4635009765625,-85.20046997070312,-133.3977508544922,-283.8438415527344,,,,-352.7617492675781,-411.2236022949219,
-101.73657314629259,43.15,139.37414020080928,,,980.2693481445312,845.2101440429688,,823.7350463867188,385.57354736328125,328.3255920410156,227.22427368164062,205.22422790527344,89.7179183959961,22.803409576416016,-5.813950538635254,,,-55.027366638183594,-85.24468231201172,-133.38323974609375,-283.5472412109375,,,,-353.1560974121094,-411.21697998046875,
-101.73276553106213,43.15,139.68386051236664,,984.2200927734375,983.1521606445312,844.6876220703125,,822.6913452148438,384.3775634765625,327.1308898925781,225.69302368164062,203.6929931640625,88.21382904052734,21.039594650268555,-6.448000431060791,,,-56.13716506958008,-85.326904296875,-133.34869384765625,-282.9498291015625,,,,-353.35504150390625,-411.216064453125,
-101.72895791583166,43.15,139.993580823924,,989.6091918945312,982.8564453125,844.165283203125,,822.17236328125,383.7918395996094,326.5429382324219,224.93751525878906,202.9375,87.46979522705078,20.16571807861328,-7.697449684143066,,,-56.68354415893555,-85.36528778076172,-133.3284912109375,-282.64892578125,,,,-353.5550231933594,-411.21661376953125,
-101.7251503006012,43.15,140.30330113548135,,992.6513061523438,982.2138671875,843.6436767578125,,821.6551513671875,383.214111328125,325.9624938964844,224.1897430419922,202.18972778320312,86.73109436035156,19.297163009643555,-8.313791275024414,,,-57.224586486816406,-85.40190887451172,-133.30606079101562,-282.34637451171875,,,,-353.7560729980469,-411.2186584472656,
-101.72134268537074,43.15,140.6130214470387,,990.7012329101562,981.8682861328125,842.6005859375,,821.140380859375,382.6444396972656,325.3879699707031,223.44839477539062,201.44837951660156,85.99803161621094,18.43421745300293,-8.924715042114258,,,-57.759944915771484,-85.43673706054688,-133.28182983398438,-282.0425109863281,,,,-353.958251953125,-411.2222900390625,
-101.71753507014027,43.15,140.92274175859606,,990.789794921875,981.5056762695312,842.079345703125,,820.1160278320312,381.534423828125,324.2572326660156,221.98526000976562,199.9852752685547,84.5506820678711,16.727258682250977,-9.530001640319824,,,-58.289154052734375,-85.50017547607422,-133.22787475585938,-281.4307861328125,,,,-354.365966796875,-411.2342834472656,
-101.71372745490982,43.15,141.23246207015342,,988.1046752929688,981.1278686523438,841.5585327148438,,819.60693359375,380.9919128417969,323.7018737792969,221.26443481445312,199.26446533203125,83.83527374267578,15.882068634033203,-10.721116065979004,,,-59.329383850097656,-85.52925872802734,-133.19793701171875,-281.122802734375,,,,-354.5713806152344,-411.2425231933594,
-101.70991983967936,43.15,141.54218238171077,,983.4735107421875,979.84228515625,841.6104736328125,,819.7000122070312,380.83709716796875,323.2046203613281,220.5931396484375,198.59317016601562,83.06116485595703,15.094207763671875,-11.177998542785645,,,-59.59495162963867,-85.1589584350586,-132.76519775390625,-280.4054260253906,,,,-354.3516845703125,-410.9932556152344,
-101.7061122244489,43.15,141.85190269326813,,979.8573608398438,979.4225463867188,841.08837890625,,819.1930541992188,380.3180847167969,322.666015625,219.88876342773438,197.8887939453125,82.3594741821289,14.263023376464844,-11.755385398864746,,,-60.09796142578125,-85.18323516845703,-132.7305450439453,-280.0941162109375,,,,-354.5596618652344,-411.00506591796875,
-101.70230460921843,43.15,142.1616230048255,,981.209228515625,977.6748046875,840.0460205078125,,818.6878051757812,379.8074035644531,322.1349182128906,219.1921844482422,197.19223022460938,81.66339111328125,13.437443733215332,-12.3272123336792,,,-60.595455169677734,-85.20578002929688,-132.69374084472656,-279.7812805175781,,,,-354.9783630371094,-411.0328674316406,
-101.69849699398797,43.15,142.47134331638284,,985.5454711914062,978.5472412109375,839.5250244140625,,817.68212890625,378.81207275390625,321.0925598144531,217.8199462890625,195.82000732421875,80.28923034667969,11.804304122924805,-12.893401145935059,,,-61.572818756103516,-85.24552917480469,-132.6144561767578,-279.1517333984375,,,,-355.1893005371094,-411.04913330078125,
-101.69468937875752,43.15,142.7810636279402,,989.2300415039062,977.6270141601562,839.00439453125,,817.1820068359375,378.3293151855469,320.5808410644531,217.1443328857422,195.1444091796875,79.61173248291016,10.99739933013916,-14.007962226867676,,,-62.05178451538086,-85.26239013671875,-132.5720977783203,-278.83514404296875,,,,-355.4011535644531,-411.0667724609375,
-101.69088176352705,43.15,143.09078393949756,,980.5446166992188,977.1508178710938,838.4841918945312,,816.683837890625,377.8549499511719,320.0754089355469,216.47560119628906,194.47567749023438,78.93989562988281,10.196186065673828,-14.55521011352539,,,-62.524898529052734,-85.27755737304688,-132.52796936035156,-278.51739501953125,,,,-355.6138916015625,-411.0857238769531,
-101.68707414829659,43.15,143.4005042510549,,979.6168212890625,976.6650390625,837.4456787109375,,816.1871948242188,377.3890075683594,319.577880859375,215.81504821777344,193.81515502929688,78.2741470336914,9.401069641113281,-15.096748352050781,,,-62.99236297607422,-85.29102325439453,-132.4816436767578,-278.1981506347656,,,,-356.0418395996094,-411.127685546875,
-101.68326653306613,43.15,143.71022456261224,,980.4735717773438,976.1703491210938,836.9267578125,,815.1985473632812,376.4834289550781,318.6022033691406,214.51487731933594,192.51499938964844,76.96206665039062,7.830300807952881,-15.632414817810059,,,-63.90897750854492,-85.31262969970703,-132.383544921875,-277.5561218261719,,,,-356.2572937011719,-411.15093994140625,
-101.67945891783567,43.15,144.0199448741696,,982.06494140625,975.6634521484375,836.408203125,,814.7069702148438,376.0452575683594,318.1239318847656,213.87588500976562,191.8760223388672,76.31591796875,7.05490255355835,-16.68522071838379,,,-64.35728454589844,-85.32050323486328,-132.3318328857422,-277.2334289550781,,,,-356.4735412597656,-411.17547607421875,
-101.6756513026052,43.15,144.32966518572695,,978.7001342773438,974.6199951171875,835.8903198242188,,814.2171020507812,375.6153259277344,317.6518859863281,213.24391174316406,191.2440643310547,75.67586517333984,6.285628795623779,-17.201589584350586,,,-64.79985046386719,-85.32672119140625,-132.2783660888672,-276.90966796875,,,,-356.6905517578125,-411.20123291015625,
-101.67184368737475,43.15,144.6393854972843,,975.2249755859375,974.0853881835938,834.8565063476562,,813.7286987304688,375.1934509277344,317.18798828125,212.62045288085938,190.62063598632812,75.04285430908203,5.523397445678711,-17.712148666381836,,,-65.236572265625,-85.33125305175781,-132.22265625,-276.5844421386719,,,,-356.9082336425781,-411.22821044921875,
-101.66803607214429,43.15,144.94910580884167,,,970.7698364257812,834.3399658203125,,812.7562866210938,374.3742370605469,316.2785339355469,211.39471435546875,189.39492797851562,73.79878997802734,4.020998477935791,-18.216615676879883,,,-65.66690826416016,-85.33504486083984,-132.10604858398438,-275.9307861328125,,,,-357.3459777832031,-411.2861328125,
-101.66422845691382,43.15,145.25882612039902,,,968.254638671875,833.823974609375,,812.2728881835938,373.97784423828125,315.8328552246094,210.79359436035156,188.79380798339844,73.18766784667969,3.2807939052581787,-19.206602096557617,,,-66.50871276855469,-85.33409881591797,-132.0451202392578,-275.6024169921875,,,,-357.56591796875,-411.31695556640625,
-101.66042084168336,43.15,145.56854643195638,,,963.4320068359375,833.3087158203125,,811.791015625,373.58831787109375,315.3931579589844,210.1999969482422,188.2002410888672,72.583740234375,2.547818422317505,-19.69183921813965,,,-66.92056274414062,-85.33152770996094,-131.98240661621094,-275.2729797363281,,,,-357.78643798828125,-411.3488464355469,
-101.6566132264529,43.15,145.87826674351373,,,965.7083740234375,833.3333129882812,,811.8795166015625,373.67535400390625,315.06964111328125,209.6793212890625,187.6795654296875,71.9198989868164,1.8749706745147705,-20.0062198638916,,,-67.05694580078125,-84.91344451904297,-131.500732421875,-274.5215759277344,,,,-357.6068115234375,-411.15020751953125,
-101.65280561122245,43.15,146.1879870550711,,975.809814453125,970.3634033203125,832.3019409179688,,811.3988037109375,373.3077697753906,314.6449279785156,209.0998992919922,187.1001434326172,71.326416015625,1.1527174711227417,-20.47918701171875,,,-67.45701599121094,-84.90626525878906,-131.43333435058594,-274.1890869140625,,,,-358.05194091796875,-411.2210998535156,
-101.64899799599198,43.15,146.49770736662845,,,969.8048095703125,831.7872314453125,,810.4413452148438,372.5773620605469,313.806640625,207.95867919921875,185.95872497558594,70.16641235351562,-0.26556429266929626,-20.948017120361328,,,-68.2454833984375,-84.88703155517578,-131.29275512695312,-273.5205993652344,,,,-358.2751159667969,-411.2579650878906,
-101.64519038076152,43.15,146.8074276781858,,,960.03857421875,831.2728881835938,,809.9647827148438,372.207275390625,313.38433837890625,207.39100646972656,185.39059448242188,69.60034942626953,-0.9591675400733948,-21.8797550201416,,,-68.63665771484375,-84.87500762939453,-131.21978759765625,-273.1848449707031,,,,-358.4989318847656,-411.2960510253906,
-101.64138276553106,43.15,147.11714798974316,,,947.80908203125,830.7589721679688,,809.4901733398438,371.8196105957031,312.95196533203125,206.8243865966797,184.82301330566406,69.03746032714844,-1.649718999862671,-22.345937728881836,,,-69.03197479248047,-84.86087799072266,-131.14511108398438,-272.8481750488281,,,,-358.7232360839844,-411.3351745605469,
-101.63757515030059,43.15,147.42686830130052,,,941.381103515625,829.7339477539062,,809.01708984375,371.3958435058594,312.5103454589844,206.2611541748047,184.25845336914062,68.47533416748047,-2.3378958702087402,-22.82744789123535,,,-69.44512939453125,-84.84517669677734,-131.0688018798828,-272.5106201171875,,,,-359.17279052734375,-411.41607666015625,
-101.63376753507013,43.15,147.73658861285787,,,944.1748657226562,829.2225341796875,,808.07470703125,370.4884338378906,311.608642578125,205.17970275878906,183.1742706298828,67.53327178955078,-3.534390449523926,-23.315357208251953,,,-70.21312713623047,-84.80903625488281,-130.910400390625,-271.8321533203125,,,,-359.3979797363281,-411.457763671875,
-101.62995991983968,43.15,148.0463089244152,,,958.302734375,828.7114868164062,,807.6056518554688,370.022705078125,311.2327575683594,204.7626495361328,182.75787353515625,67.21308135986328,-3.9824934005737305,-24.08854103088379,,,-70.5184097290039,-84.7885513305664,-130.82862854003906,-271.4915466308594,,,,-359.6235656738281,-411.50048828125,
-101.62615230460922,43.15,148.35602923597256,,969.4423828125,965.6209106445312,828.2009887695312,,807.1387329101562,369.56561279296875,310.8691101074219,204.38575744628906,182.3823699951172,67.0314712524414,-4.294018745422363,-24.41486930847168,,,-70.75847625732422,-84.76608276367188,-130.74520874023438,-271.150146484375,,,,-359.84942626953125,-411.5440368652344,
-101.62234468937875,43.15,148.6657495475299,,974.37744140625,965.2516479492188,827.1831665039062,,806.6732177734375,369.0765686035156,310.50567626953125,204.02845764160156,182.02662658691406,66.87593841552734,-4.579503536224365,-24.735675811767578,,,-71.0039291381836,-84.7420883178711,-130.6602020263672,-270.80792236328125,,,,-360.07537841796875,-411.5882873535156,
-101.61853707414829,43.15,148.97546985908727,,973.2120361328125,964.971923828125,826.6753540039062,,805.7459106445312,368.00189208984375,309.74285888671875,203.32040405273438,181.32049560546875,66.57533264160156,-5.136184215545654,-25.070878982543945,,,-71.2671890258789,-84.68955993652344,-130.48446655273438,-270.12030029296875,,,,-360.527587890625,-411.67877197265625,
-101.61472945891784,43.15,149.28519017064463,,972.08056640625,964.779052734375,826.16796875,,805.2844848632812,367.4491271972656,309.3488464355469,202.96348571777344,180.96376037597656,66.44120788574219,-5.397853851318359,-25.41139030456543,,,-71.79984283447266,-84.66089630126953,-130.39414978027344,-269.7752990722656,,,,-360.75390625,-411.7251892089844,
-101.61092184368738,43.15,149.59491048220198,,971.4063110351562,964.7445678710938,825.661376953125,,804.8251953125,366.8946533203125,308.95611572265625,202.61123657226562,180.611572265625,66.3171615600586,-5.649256706237793,-26.083646774291992,,,-72.06141662597656,-84.63038635253906,-130.3022918701172,-269.4295959472656,,,,-360.9802551269531,-411.7721862792969,
-101.60711422845691,43.15,149.90463079375934,,970.7803955078125,965.4591674804688,825.6622314453125,,804.8994750976562,366.8334655761719,308.7088928222656,202.35580444335938,180.35614013671875,66.16915130615234,-5.800996780395508,-26.219284057617188,,,-72.03267669677734,-84.16866302490234,-129.7760772705078,-268.6471862792969,,,,-360.8294372558594,-411.61334228515625,
-101.60330661322645,43.15,150.2143511053167,,970.2202758789062,965.679443359375,824.6492919921875,,804.4408569335938,366.2857666015625,308.32666015625,202.0206298828125,180.02098083496094,66.0665054321289,-6.030661582946777,-26.540645599365234,,,-72.28350830078125,-84.1340103149414,-129.67967224121094,-268.2986145019531,,,,-361.28277587890625,-411.7112731933594,
-101.599498997996,43.15,150.52407141687405,,970.3367309570312,965.835693359375,824.1443481445312,,803.5276489257812,365.2145690917969,307.5780029296875,201.36912536621094,179.3694610595703,65.87895965576172,-6.472046375274658,-26.85614013671875,,,-72.7677230834961,-84.0599594116211,-129.48223876953125,-267.5992736816406,,,,-361.5090026855469,-411.7607421875,
-101.59569138276552,43.15,150.83379172843138,,968.4937133789062,964.3086547851562,823.6402587890625,,803.0729370117188,364.6916198730469,307.2134094238281,201.05441284179688,179.0547332763672,65.79360961914062,-6.6842427253723145,-27.46881675720215,,,-73.00125122070312,-84.02083587646484,-129.3807830810547,-267.2481689453125,,,,-361.73492431640625,-411.81048583984375,
-101.59188376753507,43.15,151.14351203998874,,961.2640380859375,961.3006591796875,823.1368408203125,,802.6198120117188,364.1767272949219,306.8548889160156,200.74649047851562,178.74679565429688,65.71397399902344,-6.89066219329834,-27.76631736755371,,,-73.22925567626953,-83.9803237915039,-129.27784729003906,-266.8964538574219,,,,-361.9605407714844,-411.8605651855469,
-101.58807615230461,43.15,151.4532323515461,,,956.8541259765625,822.1327514648438,,802.1688232421875,363.67120361328125,306.5024719238281,200.4454803466797,178.44580078125,65.64124298095703,-7.090059757232666,-28.0580997467041,,,-73.45130920410156,-83.93804168701172,-129.17347717285156,-266.544189453125,,,,-362.4103698730469,-411.96124267578125,
-101.58426853707415,43.15,151.76295266310345,,952.8197021484375,952.7368774414062,821.63232421875,,801.2709350585938,362.68756103515625,305.8157043457031,199.86358642578125,177.86386108398438,65.51339721679688,-7.471028804779053,-28.343311309814453,,,-73.87665557861328,-83.84923553466797,-128.96031188964844,-265.8376770019531,,,,-362.63427734375,-412.01153564453125,
-101.58046092184368,43.15,152.0726729746608,,951.716796875,946.059326171875,821.1328125,,800.823974609375,362.2088928222656,305.48236083984375,199.5835723876953,177.5838623046875,65.45787048339844,-7.653016090393066,-28.89497184753418,,,-74.08043670654297,-83.80289459228516,-128.85116577148438,-265.4831848144531,,,,-362.8575134277344,-412.0617370605469,
-101.57665330661322,43.15,152.38239328621816,,954.1275634765625,948.3224487304688,820.634033203125,,800.3787231445312,361.738525390625,305.1551208496094,199.31056213378906,177.3108367919922,65.40782165527344,-7.829453945159912,-29.161865234375,,,-74.27865600585938,-83.75527954101562,-128.7406768798828,-265.1282653808594,,,,-363.0799865722656,-412.11187744140625,
-101.57284569138277,43.15,152.69211359777552,,945.168212890625,945.1087646484375,819.6395263671875,,799.9354858398438,361.27789306640625,304.8337707519531,199.04428100585938,177.0445556640625,65.36446380615234,-7.99906063079834,-29.42305564880371,,,-74.47081756591797,-83.7059326171875,-128.62889099121094,-264.7729187011719,,,,-363.3016662597656,-412.1618347167969,
-101.5690380761523,43.15,153.00183390933287,,949.6539306640625,943.2474975585938,819.1439819335938,,799.0531616210938,360.38330078125,304.208740234375,198.53150939941406,176.53176879882812,65.29457092285156,-8.321234703063965,-29.677581787109375,,,-74.65689849853516,-83.60359191894531,-128.40118408203125,-264.060546875,,,,-363.7414855957031,-412.2602844238281,
-101.56523046092184,43.15,153.31155422089023,,942.0079345703125,941.3888549804688,818.6494140625,,798.614013671875,359.9486999511719,303.9057922363281,198.28561401367188,176.28585815429688,65.26776123046875,-8.474071502685547,-29.926115036010742,,,-75.01109313964844,-83.55071258544922,-128.28500366210938,-263.7033386230469,,,,-363.959716796875,-412.3087463378906,
-101.56142284569138,43.15,153.6212745324476,,,930.80517578125,818.1555786132812,,798.1766967773438,359.522216796875,303.608642578125,198.0466766357422,176.0469207763672,65.24625396728516,-8.621506690979004,-30.404991149902344,,,-75.17992401123047,-83.49668884277344,-128.16769409179688,-263.345947265625,,,,-364.1766662597656,-412.35662841796875,
-101.55761523046093,43.15,153.93099484400494,,,927.81982421875,817.6627197265625,,797.7413940429688,359.1053466796875,303.31695556640625,197.8141326904297,175.8143768310547,65.231201171875,-8.762353897094727,-30.636030197143555,,,-75.34268951416016,-83.44105529785156,-128.04925537109375,-262.98828125,,,,-364.39227294921875,-412.40380859375,
-101.55380761523045,43.15,154.24071515556227,,,928.4443969726562,817.148681640625,,797.7970581054688,359.1709289550781,303.199951171875,197.7010040283203,175.70123291015625,65.25373840332031,-8.738539695739746,-30.647319793701172,,,-75.20237731933594,-82.93409729003906,-127.47673034667969,-262.1715393066406,,,,-364.46710205078125,-412.31591796875,
-101.55,43.15,154.55043546711966,,,923.5869140625,816.657470703125,,796.9291381835938,358.3811340332031,302.64990234375,197.2700653076172,175.27027893066406,65.2529525756836,-8.990094184875488,-30.865446090698242,,,-75.49909973144531,-82.81454467773438,-127.23075103759766,-261.45086669921875,,,,-364.677978515625,-412.3605041503906,
